date,sire,dam,nr_offspring
2020/10/15,M1-60,F1-16,6
2020/10/15,M1-55,F1-18,2
2020/10/15,M1-81,F1-41,4
2020/10/16,M1-04,F1-07,2
2020/10/17,M1-34,F1-35,4
2020/10/17,M1-45,F1-65,3
2020/10/18,M1-38,F1-79,5
2020/10/18,M1-18,F1-17,4
2020/10/18,M1-63,F1-45,3
2020/10/19,M1-76,F1-06,5
2020/10/19,M1-15,F1-13,6
2020/10/20,M1-58,F1-12,10
2020/10/22,M1-75,F1-50,8
2020/10/22,M1-98,F1-55,3
2020/10/22,M1-66,F1-59,11
2020/10/22,M1-69,F1-60,10
2020/10/22,M1-11,F1-19,11
2020/10/22,M1-54,F1-33,12
2020/10/24,M1-17,F1-27,4
2020/10/24,M1-23,F1-29,13
2020/10/26,M1-74,F1-57,9
2020/10/26,M1-80,F1-58,16
2020/10/27,M1-94,F1-51,9
2020/10/27,M1-24,F1-61,17
2020/10/27,M1-30,F1-72,4
2020/10/27,M1-39,F1-73,12
2020/10/27,M1-33,F1-75,9
2020/10/27,M1-24,F1-62,5
2020/10/27,M1-19,F1-22,3
2020/10/27,M1-32,F1-32,5
2020/10/28,M1-38,F1-80,8
2020/10/29,M1-77,F1-04,6
2020/10/29,M1-44,F1-08,9
2020/10/29,M1-32,F1-31,8
2020/10/29,M1-54,F1-34,6
2020/10/29,M1-21,F1-25,9
2020/10/30,M1-97,F1-53,9
2020/10/30,M1-31,F1-69,8
2020/10/30,M1-31,F1-70,14
2020/10/30,M1-56,F1-02,8
2020/10/30,M1-03,F1-03,6
2020/10/30,M1-08,F1-05,5
2020/11/02,M1-84,F1-42,12
2020/11/02,M1-68,F1-46,7
2020/11/02,M1-71,F1-52,7
2020/11/02,M1-73,F1-54,14
2020/11/02,M1-72,F1-56,7
2020/11/02,M1-37,F1-77,13
2020/11/02,M1-05,F1-01,10
2020/11/02,M1-13,F1-23,8
2020/11/02,M1-17,F1-28,6
2020/11/02,M1-36,F1-39,8
2020/11/02,M1-46,F1-38,7
2020/11/04,M1-06,F1-11,9
2020/11/04,M1-53,F1-20,12
2020/11/04,M1-23,F1-30,9
2020/11/04,M1-21,F1-26,12
2020/11/04,M1-34,F1-36,12
2020/11/04,M1-46,F1-37,12
2020/11/04,M1-36,F1-40,9
2020/11/04,M1-30,F1-71,2
2020/11/05,M1-89,F1-47,9
2020/11/09,M1-88,F1-43,13
2020/11/09,M1-82,F1-44,8
2020/11/09,M1-25,F1-64,9
2020/11/09,M1-37,F1-78,6
2020/11/09,M1-38,F1-79,7
2020/11/09,M1-12,F1-09,9
2020/11/09,M1-78,F1-10,5
2020/11/09,M1-09,F1-15,10
2020/11/09,M1-55,F1-18,14
2020/11/11,M1-60,F1-16,14
2020/11/11,M1-79,F1-14,2
2020/11/16,M1-76,F1-06,9
2020/11/16,M1-58,F1-12,9
2020/11/16,M1-15,F1-13,11
2020/11/16,M1-45,F1-66,9
2020/11/16,M1-28,F1-68,14
2020/11/16,M1-39,F1-74,16
2020/11/16,M1-18,F1-17,11
2020/11/16,M1-34,F1-35,16
2020/11/17,M1-81,F1-41,9
2020/11/17,M1-63,F1-45,9
2020/11/17,M1-45,F1-65,5
2020/11/18,M1-66,F1-59,9
2020/11/18,M1-69,F1-60,6
2020/11/18,M1-04,F1-07,3
2020/11/18,M1-11,F1-19,9
2020/11/25,M1-75,F1-50,11
2020/11/25,M1-94,F1-51,11
2020/11/25,M1-98,F1-55,3
2021/01/02,M2-61,F2-46,2
2021/01/03,M2-87,F2-63,3
2021/01/03,M2-73,F2-54,1
2021/01/03,M2-78,F2-76,5
2021/01/03,M2-89,F2-58,6
2021/01/04,M2-31,F2-30,2
2021/01/04,M2-100,F2-65,4
2021/01/04,M2-77,F2-80,5
2021/01/05,M2-90,F2-62,3
2021/01/05,M2-70,F2-50,4
2021/01/05,M2-74,F2-56,7
2021/01/06,M2-34,F2-25,3
2021/01/06,M2-24,F2-38,5
2021/01/06,M2-18,F2-17,5
2021/01/06,M2-83,F2-53,1
2021/01/07,M2-05,F2-05,9
2021/01/07,M2-93,F2-06,17
2021/01/07,M2-75,F2-55,4
2021/01/08,M2-15,F2-15,7
2021/01/08,M2-76,F2-59,5
2021/01/10,M2-65,F2-37,8
2021/01/10,M2-04,F2-04,21
2021/01/10,M2-10,F2-10,28
2021/01/11,M2-81,F2-68,3
2021/01/11,M2-49,F2-42,6
2021/01/12,M2-22,F2-23,9
2021/01/12,M2-64,F2-29,7
2021/01/12,M2-43,F2-44,9
2021/01/13,M2-27,F2-39,3
2021/01/13,M2-06,F2-01,15
2021/01/13,M2-07,F2-07,38
2021/01/13,M2-77,F2-79,6
2021/01/13,M2-55,F2-45,6
2021/01/14,M2-98,F2-73,3
2021/01/14,M2-68,F2-49,11
2021/01/17,M2-33,F2-32,8
2021/01/17,M2-32,F2-34,11
2021/01/17,M2-03,F2-03,15
2021/01/17,M2-11,F2-08,10
2021/01/17,M2-81,F2-67,9
2021/01/17,M2-99,F2-69,7
2021/01/17,M2-79,F2-71,10
2021/01/17,M2-98,F2-74,2
2021/01/17,M2-96,F2-77,10
2021/01/17,M2-39,F2-41,9
2021/01/17,M2-57,F2-51,11
2021/01/17,M2-54,F2-52,13
2021/01/18,M2-52,F2-48,11
2021/01/19,M2-33,F2-33,7
2021/01/19,M2-65,F2-36,13
2021/01/19,M2-12,F2-12,8
2021/01/19,M2-79,F2-72,7
2021/01/20,M2-26,F2-27,9
2021/01/20,M2-64,F2-28,3
2021/01/21,M2-22,F2-22,8
2021/01/21,M2-31,F2-31,7
2021/01/23,M2-02,F2-02,17
2021/01/23,M2-35,F2-18,18
2021/01/23,M2-90,F2-61,8
2021/01/23,M2-99,F2-70,14
2021/01/23,M2-78,F2-75,7
2021/01/23,M2-95,F2-60,19
2021/01/25,M2-32,F2-35,8
2021/01/25,M2-36,F2-14,4
2021/01/25,M2-87,F2-63,10
2021/01/25,M2-100,F2-66,9
2021/01/25,M2-42,F2-43,12
2021/01/25,M2-61,F2-46,13
2021/01/26,M2-87,F2-64,9
2021/01/26,M2-78,F2-76,13
2021/01/26,M2-89,F2-58,13
2021/01/27,M2-56,F2-11,15
2021/01/28,M2-77,F2-80,12
2021/01/28,M2-70,F2-50,21
2021/01/28,M2-24,F2-38,12
2021/01/28,M2-05,F2-05,15
2021/01/28,M2-23,F2-09,13
2021/01/29,M2-73,F2-54,8
2021/02/02,M2-31,F2-30,12
2021/02/02,M2-34,F2-25,2
2021/02/02,M2-15,F2-15,16
2021/02/03,M2-22,F2-23,10
2021/03/01,M3-99,F3-45,2
2021/03/01,M3-67,F3-57,2
2021/03/02,M3-89,F3-04,3
2021/03/02,M3-24,F3-05,3
2021/03/02,M3-90,F3-09,1
2021/03/03,M3-83,F3-31,4
2021/03/03,M3-50,F3-33,3
2021/03/04,M3-50,F3-32,1
2021/03/04,M3-58,F3-72,2
2021/03/04,M3-30,F3-11,4
2021/03/05,M3-41,F3-22,3
2021/03/05,M3-47,F3-29,4
2021/03/06,M3-23,F3-02,14
2021/03/08,M3-96,F3-43,8
2021/03/08,M3-06,F3-47,9
2021/03/08,M3-12,F3-50,9
2021/03/08,M3-04,F3-64,4
2021/03/08,M3-33,F3-16,5
2021/03/08,M3-49,F3-19,11
2021/03/08,M3-39,F3-20,5
2021/03/08,M3-87,F3-27,9
2021/03/08,M3-55,F3-37,9
2021/03/09,M3-07,F3-42,8
2021/03/09,M3-08,F3-61,3
2021/03/09,M3-03,F3-44,8
2021/03/09,M3-17,F3-52,6
2021/03/09,M3-39,F3-21,5
2021/03/09,M3-61,F3-76,8
2021/03/10,M3-31,F3-12,6
2021/03/10,M3-34,F3-15,6
2021/03/10,M3-41,F3-23,1
2021/03/10,M3-42,F3-25,5
2021/03/10,M3-22,F3-53,4
2021/03/10,M3-66,F3-55,14
2021/03/10,M3-68,F3-58,5
2021/03/11,M3-87,F3-26,5
2021/03/11,M3-84,F3-60,9
2021/03/11,M3-62,F3-79,6
2021/03/15,M3-23,F3-01,12
2021/03/15,M3-88,F3-03,9
2021/03/15,M3-95,F3-14,12
2021/03/15,M3-47,F3-28,5
2021/03/15,M3-54,F3-34,2
2021/03/15,M3-56,F3-38,8
2021/03/15,M3-83,F3-30,9
2021/03/15,M3-09,F3-48,13
2021/03/15,M3-16,F3-51,7
2021/03/15,M3-59,F3-54,5
2021/03/15,M3-81,F3-59,7
2021/03/15,M3-04,F3-63,12
2021/03/15,M3-78,F3-78,7
2021/03/16,M3-08,F3-62,6
2021/03/16,M3-69,F3-69,8
2021/03/16,M3-29,F3-10,12
2021/03/16,M3-72,F3-39,15
2021/03/17,M3-53,F3-40,11
2021/03/18,M3-76,F3-06,9
2021/03/18,M3-28,F3-08,11
2021/03/18,M3-55,F3-36,7
2021/03/18,M3-58,F3-71,6
2021/03/18,M3-70,F3-74,6
2021/03/18,M3-62,F3-80,6
2021/03/19,M3-18,F3-68,4
2021/03/20,M3-05,F3-46,9
2021/03/20,M3-99,F3-45,9
2021/03/20,M3-74,F3-56,9
2021/03/20,M3-15,F3-65,12
2021/03/20,M3-70,F3-73,11
2021/03/22,M3-90,F3-09,11
2021/03/22,M3-42,F3-24,6
2021/03/22,M3-11,F3-49,9
2021/03/22,M3-61,F3-75,6
2021/03/22,M3-78,F3-77,6
2021/03/23,M3-67,F3-57,9
2021/03/23,M3-15,F3-66,11
2021/03/24,M3-54,F3-35,14
2021/03/24,M3-69,F3-70,9
2021/03/24,M3-18,F3-67,9
2021/03/24,M3-58,F3-72,12
2021/03/25,M3-46,F3-07,11
2021/03/25,M3-94,F3-13,10
2021/03/25,M3-86,F3-18,7
2021/03/26,M3-89,F3-04,8
2021/03/26,M3-24,F3-05,9
2021/03/26,M3-30,F3-11,7
2021/03/29,M3-35,F3-17,12
2021/03/30,M3-06,F3-47,11
2021/03/30,M3-04,F3-64,10
2021/03/31,M3-12,F3-50,10
2021/04/20,M1-316,F1-85,21
2021/04/20,M1-411,F1-115,8
2021/04/22,M1-265,F1-140,7
2021/04/22,M1-193,F1-82,8
2021/04/22,M1-436,F1-103,8
2021/04/23,M1-423,F1-125,7
2021/04/26,M1-447,F1-89,8
2021/04/26,M1-175,F1-93,10
2021/04/26,M1-279,F1-119,14
2021/04/26,M1-136,F1-143,7
2021/04/26,M1-180,F1-151,5
2021/04/27,M1-248,F1-122,13
2021/04/27,M1-445,F1-127,9
2021/04/27,M1-362,F1-131,7
2021/04/27,M1-298,F1-86,12
2021/04/27,M1-214,F1-97,11
2021/04/27,M1-422,F1-87,9
2021/04/27,M1-442,F1-91,18
2021/04/27,M1-378,F1-111,19
2021/04/28,M1-355,F1-94,13
2021/04/28,M1-255,F1-113,7
2021/04/28,M1-187,F1-130,10
2021/04/29,M1-233,F1-121,14
2021/04/29,M1-375,F1-139,8
2021/04/29,M1-376,F1-153,23
2021/04/29,M1-254,F1-105,11
2021/04/29,M1-213,F1-108,5
2021/04/29,M1-411,F1-116,17
2021/04/29,M1-194,F1-124,2
2021/04/30,M1-302,F1-83,19
2021/04/30,M1-266,F1-84,14
2021/04/30,M1-382,F1-88,10
2021/04/30,M1-221,F1-100,3
2021/04/30,M1-209,F1-137,12
2021/04/30,M1-243,F1-147,15
2021/05/03,M1-223,F1-99,9
2021/05/03,M1-213,F1-107,22
2021/05/03,M1-385,F1-117,13
2021/05/03,M1-219,F1-133,13
2021/05/03,M1-124,F1-136,16
2021/05/03,M1-218,F1-138,8
2021/05/03,M1-165,F1-145,2
2021/05/03,M1-243,F1-148,3
2021/05/03,M1-180,F1-152,9
2021/05/03,M1-181,F1-155,13
2021/05/03,M1-364,F1-157,11
2021/05/03,M1-354,F1-81,17
2021/05/04,M1-188,F1-129,10
2021/05/04,M1-365,F1-142,9
2021/05/04,M1-244,F1-159,14
2021/05/04,M1-217,F1-98,13
2021/05/05,M1-260,F1-149,10
2021/05/05,M1-181,F1-156,13
2021/05/05,M1-183,F1-92,13
2021/05/05,M1-254,F1-106,19
2021/05/05,M1-255,F1-114,7
2021/05/05,M1-279,F1-120,13
2021/05/06,M1-261,F1-123,13
2021/05/06,M1-162,F1-126,12
2021/05/06,M1-257,F1-134,6
2021/05/07,M1-364,F1-158,15
2021/05/07,M1-314,F1-96,13
2021/05/10,M1-353,F1-132,10
2021/05/10,M1-299,F1-90,14
2021/05/10,M1-411,F1-115,14
2021/05/11,M1-342,F1-102,11
2021/05/11,M1-238,F1-110,22
2021/05/11,M1-385,F1-118,12
2021/05/12,M1-436,F1-104,16
2021/05/12,M1-342,F1-101,12
2021/05/13,M1-404,F1-95,18
2021/05/13,M1-378,F1-112,17
2021/05/14,M1-433,F1-135,11
2021/05/17,M1-265,F1-140,8
2021/05/17,M1-136,F1-144,5
2021/05/17,M1-316,F1-85,20
2021/05/17,M1-436,F1-103,12
2021/05/18,M1-260,F1-150,17
2021/05/18,M1-244,F1-160,9
2021/05/19,M1-423,F1-125,14
2021/05/20,M1-136,F1-143,14
2021/05/20,M1-180,F1-151,11
2021/05/20,M1-193,F1-82,11
2021/05/21,M1-279,F1-119,11
2021/05/24,M1-187,F1-130,6
2021/05/24,M1-376,F1-154,11
2021/05/24,M1-255,F1-113,10
2021/05/24,M1-382,F1-88,6
2021/05/24,M1-447,F1-89,12
2021/05/24,M1-442,F1-91,18
2021/09/08,M2-396,F2-118,2
2021/09/08,M2-199,F2-124,7
2021/09/09,M2-329,F2-112,6
2021/09/09,M2-335,F2-114,5
2021/09/09,M2-293,F2-123,7
2021/09/10,M2-421,F2-110,8
2021/09/10,M2-151,F2-156,4
2021/09/13,M2-274,F2-85,16
2021/09/13,M2-390,F2-88,9
2021/09/13,M2-225,F2-94,9
2021/09/13,M2-342,F2-131,6
2021/09/13,M2-263,F2-132,5
2021/09/13,M2-336,F2-135,10
2021/09/13,M2-345,F2-136,11
2021/09/13,M2-369 ,F2-138,10
2021/09/13,M2-203,F2-152,8
2021/09/15,M2-279,F2-99,6
2021/09/15,M2-237,F2-130,8
2021/09/15,M2-397,F2-150,12
2021/09/16,M2-198,F2-144,19
2021/09/16,M2-184,F2-158,8
2021/09/17,M2-320,F2-81,25
2021/09/17,M2-266,F2-104,8
2021/09/17,M2-250,F2-122,2
2021/09/17,M2-402,F2-134,5
2021/09/17,M2-405,F2-142,17
2021/09/20,M2-302,F2-83,10
2021/09/20,M2-278,F2-84,14
2021/09/20,M2-393,F2-95,11
2021/09/20,M2-368,F2-96,21
2021/09/20,M2-348,F2-98,9
2021/09/20,M2-104,F2-100,3
2021/09/20,M2-420,F2-126,12
2021/09/20,M2-150,F2-133,11
2021/09/21,M2-419,F2-154,27
2021/09/22,M2-107,F2-102,2
2021/09/22,M2-226,F2-128,13
2021/09/23,M2-391,F2-87,9
2021/09/23,M2-308,F2-92,11
2021/09/23,M2-149,F2-137,10
2021/09/24,M2-326,F2-108,5
2021/09/27,M2-371,F2-82,17
2021/09/27,M2-360,F2-89,11
2021/09/27,M2-266,F2-105,10
2021/09/27,M2-141,F2-140,23
2021/09/28,M2-172,F2-93,20
2021/09/28,M2-107,F2-103,10
2021/09/29,M2-421,F2-111,12
2021/09/29,M2-322,F2-120,16
2021/10/01,M2-125,F2-90,15
2021/10/01,M2-304,F2-106,3
2021/10/01,M2-104,F2-101,13
2021/10/01,M2-297,F2-121,9
2021/10/01,M2-281,F2-127,13
2021/10/01,M2-405,F2-143,20
2021/10/01,M2-343,F2-146,17
2021/10/01,M2-397,F2-151,7
2021/10/04,M2-293,F2-123,12
2021/10/04,M2-345,F2-136,11
2021/10/04,M2-141,F2-141,16
2021/10/04,M2-419,F2-155,18
2021/10/04,M2-304,F2-107,10
2021/10/04,M2-421,F2-110,12
2021/10/04,M2-329,F2-112,11
2021/10/04,M2-268,F2-116,8
2021/10/04,M2-396,F2-118,16
2021/10/05,M2-203,F2-152,10
2021/10/05,M2-203,F2-153,14
2021/10/05,M2-151,F2-156,6
2021/10/07,M2-390,F2-88,7
2021/10/07,M2-225,F2-94,9
2021/10/07,M2-279,F2-99,9
2021/10/08,M2-336,F2-135,13
2021/10/08,M2-250,F2-122,9
2021/10/08,M2-343,F2-147,7
2021/10/08,M2-184,F2-158,9
2021/10/08,M2-184,F2-159,8
2021/10/11,M2-396,F2-119,14
2021/10/11,M2-278,F2-84,13
2021/10/11,M2-274,F2-85,12
2021/10/11,M2-369 ,F2-138,8
2021/10/11,M2-237,F2-130,5
2021/10/12,M2-393,F2-95,17
2021/10/12,M2-107,F2-102,7
2021/10/16,M2-342,F2-131,6
2021/10/16,M2-397,F2-150,13
2021/10/16,M2-198,F2-144,6
2021/11/08,M3-233,F3-96,4
2021/11/08,M3-246,F3-153,5
2021/11/08,M3-177,F3-145,4
2021/11/10,M3-290,F3-83,2
2021/11/10,M3-132,F3-84,6
2021/11/10,M3-202,F3-106,7
2021/11/10,M3-191,F3-142,3
2021/11/10,M3-326,F3-117,6
2021/11/12,M3-127,F3-81,4
2021/11/12,M3-199,F3-87,6
2021/11/12,M3-104,F3-86,6
2021/11/12,M3-307,F3-89,5
2021/11/12,M3-191,F3-141,4
2021/11/12,M3-239,F3-148,3
2021/11/12,M3-154,F3-159,10
2021/11/12,M3-204,F3-95,10
2021/11/15,M3-324,F3-100,24
2021/11/15,M3-202,F3-107,4
2021/11/15,M3-305,F3-104,5
2021/11/15,M3-130,F3-112,5
2021/11/15,M3-236,F3-129,8
2021/11/15,M3-314,F3-134,7
2021/11/15,M3-245,F3-138,8
2021/11/15,M3-205,F3-132,9
2021/11/16,M3-364,F3-127,11
2021/11/16,M3-239,F3-147,4
2021/11/16,M3-175,F3-130,10
2021/11/17,M3-333,F3-93,5
2021/11/17,M3-193,F3-122,11
2021/11/17,M3-378,F3-151,17
2021/11/18,M3-361,F3-128,11
2021/11/18,M3-153,F3-156,11
2021/11/19,M3-356,F3-121,13
2021/11/22,M3-291,F3-92,9
2021/11/22,M3-339,F3-94,4
2021/11/22,M3-203,F3-114,8
2021/11/22,M3-297,F3-118,7
2021/11/22,M3-263,F3-120,7
2021/11/22,M3-161,F3-123,9
2021/11/22,M3-355,F3-126,8
2021/11/22,M3-107,F3-131,14
2021/11/22,M3-262,F3-136,6
2021/11/22,M3-144,F3-137,10
2021/11/22,M3-154,F3-160,21
2021/11/22,M3-153,F3-155,17
2021/11/22,M3-378,F3-152,10
2021/11/23,M3-130,F3-113,18
2021/11/24,M3-171,F3-103,11
2021/11/24,M3-237,F3-150,10
2021/11/25,M3-189,F3-90,9
2021/11/25,M3-374,F3-97,7
2021/11/25,M3-324,F3-101,8
2021/11/25,M3-306,F3-109,14
2021/11/25,M3-237,F3-149,12
2021/11/26,M3-390,F3-98,15
2021/11/26,M3-235,F3-144,3
2021/11/29,M3-158,F3-124,10
2021/11/29,M3-354,F3-133,14
2021/11/29,M3-177,F3-146,13
2021/11/29,M3-246,F3-154,14
2021/11/29,M3-305,F3-105,14
2021/11/29,M3-263,F3-119,9
2021/11/30,M3-265,F3-158,13
2021/12/01,M3-241,F3-139,9
2021/12/01,M3-177,F3-145,12
2021/12/02,M3-290,F3-83,11
2021/12/03,M3-328,F3-85,8
2021/12/03,M3-191,F3-141,8
2021/12/03,M3-233,F3-96,15
2021/12/06,M3-393,F3-82,5
2021/12/06,M3-127,F3-81,9
2021/12/06,M3-132,F3-84,8
2021/12/06,M3-202,F3-106,13
2021/12/06,M3-326,F3-117,15
2021/12/06,M3-191,F3-142,16
2021/12/08,M3-205,F3-132,11
2021/12/08,M3-154,F3-159,17
2021/12/08,M3-329,F3-88,9
2021/12/10,M3-239,F3-148,10
2021/12/10,M3-104,F3-86,6
2021/12/10,M3-199,F3-87,11
2021/12/10,M3-307,F3-89,7
2021/12/10,M3-204,F3-95,11
2021/12/10,M3-202,F3-107,4
2021/12/10,M3-130,F3-112,18
2021/12/13,M3-136,F3-91,5
2021/12/14,M3-171,F3-102,10
2022/01/07,M1-673,F1-183,3
2022/01/10,M1-539,F1-166,6
2022/01/10,M1-556,F1-189,4
2022/01/12,M1-520,F1-168,9
2022/01/12,M1-596,F1-169,4
2022/01/12,M1-806,F1-180,4
2022/01/12,M1-585,F1-198,10
2022/01/12,M1-782,F1-225,8
2022/01/13,M1-780,F1-237,3
2022/01/13,M1-549,F1-161,8
2022/01/14,M1-723,F1-191,5
2022/01/14,M1-523,F1-172,8
2022/01/17,M1-594,F1-162,8
2022/01/17,M1-753,F1-165,5
2022/01/17,M1-676,F1-175,4
2022/01/17,M1-494,F1-187,9
2022/01/17,M1-556,F1-190,4
2022/01/17,M1-716,F1-211,5
2022/01/17,M1-647,F1-217,5
2022/01/17,M1-810,F1-223,4
2022/01/17,M1-671,F1-230,5
2022/01/17,M1-780,F1-238,5
2022/01/18,M1-559,F1-163,7
2022/01/18,M1-573,F1-194,14
2022/01/18,M1-793,F1-182,10
2022/01/18,M1-818,F1-218,9
2022/01/18,M1-671,F1-229,5
2022/01/18,M1-612,F1-234,6
2022/01/18,M1-832,F1-240,5
2022/01/19,M1-717,F1-219,3
2022/01/19,M1-810,F1-224,9
2022/01/19,M1-782,F1-226,3
2022/01/19,M1-794,F1-173,10
2022/01/21,M1-679,F1-202,8
2022/01/21,M1-799,F1-207,12
2022/01/21,M1-578,F1-206,5
2022/01/21,M1-842,F1-213,8
2022/01/21,M1-459,F1-228,10
2022/01/21,M1-612,F1-233,5
2022/01/21,M1-525,F1-176,4
2022/01/21,M1-673,F1-184,6
2022/01/21,M1-619,F1-210,6
2022/01/21,M1-615,F1-216,6
2022/01/24,M1-696,F1-164,5
2022/01/24,M1-504,F1-179,4
2022/01/24,M1-573,F1-193,7
2022/01/24,M1-505,F1-200,4
2022/01/24,M1-607,F1-209,8
2022/01/24,M1-719,F1-220,9
2022/01/27,M1-579,F1-221,11
2022/01/31,M1-663,F1-167,10
2022/01/31,M1-821,F1-177,3
2022/01/31,M1-833,F1-178,7
2022/01/31,M1-728,F1-185,11
2022/01/31,M1-728,F1-186,8
2022/01/31,M1-450,F1-203,8
2022/01/31,M1-761,F1-212,14
2022/01/31,M1-579,F1-222,3
2022/01/31,M1-459,F1-227,7
2022/02/01,M1-577,F1-205,4
2022/02/01,M1-692,F1-235,6
2022/02/01,M1-725,F1-174,9
2022/02/01,M1-772,F1-214,3
2022/02/02,M1-797,F1-215,10
2022/02/02,M1-673,F1-183,10
2022/02/02,M1-805,F1-196,11
2022/02/04,M1-806,F1-180,6
2022/02/04,M1-723,F1-192,11
2022/02/04,M1-832,F1-239,6
2022/02/04,M1-780,F1-237,6
2022/02/07,M1-539,F1-166,8
2022/02/07,M1-494,F1-188,16
2022/02/07,M1-556,F1-189,13
2022/02/07,M1-585,F1-198,16
2022/02/09,M1-596,F1-169,3
2022/02/09,M1-723,F1-191,5
2022/02/09,M1-519,F1-204,5
2022/02/10,M1-716,F1-211,8
2022/02/10,M1-782,F1-225,8
2022/02/11,M1-505,F1-199,4
2022/02/11,M1-810,F1-223,4
2022/02/14,M1-647,F1-217,5
2022/02/14,M1-818,F1-218,6
2022/02/14,M1-782,F1-226,5
2022/02/14,M1-832,F1-240,6
2022/02/14,M1-600,F1-170,7
2022/02/14,M1-676,F1-175,3
2022/02/14,M1-556,F1-190,4
2022/02/14,M1-559,F1-163,7
2022/02/14,M1-780,F1-238,5
2022/03/14,M2-479,F2-208,4
2022/03/14,M2-584,F2-173,4
2022/03/14,M2-579,F2-196,3
2022/03/15,M2-718,F2-161,3
2022/03/15,M2-583,F2-166,7
2022/03/16,M2-620,F2-233,11
2022/03/18,M2-768,F2-205,10
2022/03/18,M2-529,F2-212,4
2022/03/21,M2-437,F2-168,12
2022/03/21,M2-717,F2-180,8
2022/03/21,M2-431,F2-189,6
2022/03/21,M2-435,F2-190,9
2022/03/21,M2-726,F2-199,10
2022/03/21,M2-607,F2-207,12
2022/03/21,M2-767,F2-213,7
2022/03/21,M2-501,F2-215,8
2022/03/21,M2-549,F2-217,12
2022/03/21,M2-585,F2-218,8
2022/03/21,M2-689,F2-231,5
2022/03/21,M2-759,F2-223,8
2022/03/21,M2-743,F2-239,11
2022/03/21,M2-501,F3-215,8
2022/03/22,M2-455,F2-163,9
2022/03/22,M2-544,F2-170,11
2022/03/22,M2-754,F2-175,3
2022/03/22,M2-465,F2-178,6
2022/03/22,M2-431,F2-188,10
2022/03/22,M2-651,F2-214,6
2022/03/22,M2-478,F2-227,11
2022/03/22,M2-689,F2-232,5
2022/03/23,M2-700,F2-201,9
2022/03/23,M2-526,F2-220,10
2022/03/23,M2-502,F2-235,7
2022/03/25,M2-621,F2-202,9
2022/03/25,M2-658,F2-211,13
2022/03/25,M2-762,F2-219,10
2022/03/25,M2-759,F2-224,7
2022/03/28,M2-608,F2-193,7
2022/03/28,M2-428,F2-194,8
2022/03/28,M2-672,F2-203,9
2022/03/28,M2-598,F2-210,8
2022/03/28,M2-734,F2-216,7
2022/03/28,M2-472,F2-226,6
2022/03/28,M2-743,F2-240,9
2022/03/30,M2-438,F2-167,8
2022/03/30,M2-432,F2-169,6
2022/03/30,M2-435,F2-191,5
2022/04/01,M2-728,F2-172,7
2022/04/01,M2-498,F2-209,19
2022/04/01,M2-697,F2-222,8
2022/04/04,M2-726,F2-200,8
2022/04/04,M2-654,F2-186,7
2022/04/04,M2-713,F2-198,8
2022/04/04,M2-502,F2-236,9
2022/04/04,M2-667,F2-237,6
2022/04/05,M2-454,F2-164,8
2022/04/06,M2-472,F2-225,8
2022/04/06,M2-584,F2-173,8
2022/04/06,M2-717,F2-181,6
2022/04/06,M2-710,F2-182,6
2022/04/06,M2-710,F2-183,9
2022/04/07,M2-565,F2-176,8
2022/04/08,M2-605,F2-171,9
2022/04/08,M2-479,F2-208,10
2022/04/08,M2-620,F2-234,8
2022/04/11,M2-759,F2-223,8
2022/04/11,M2-597,F2-230,9
2022/04/11,M2-620,F2-233,9
2022/04/11,M2-718,F2-161,6
2022/04/11,M2-437,F2-168,5
2022/04/11,M2-579,F2-196,9
2022/04/12,M2-529,F2-212,11
2022/04/12,M2-667,F2-238,3
2022/04/13,M2-501,F2-215,8
2022/04/14,M2-768,F2-205,7
2022/04/14,M2-583,F2-166,7
2022/04/15,M2-431,F2-189,6
2022/04/15,M2-583,F2-166,7
2022/04/15,M2-549,F2-217,6
2022/04/15,M2-767,F2-213,7
2022/04/18,M2-651,F2-214,9
2022/04/18,M2-689,F2-231,9
2022/04/18,M2-654,F2-187,3
2022/04/18,M2-754,F2-175,7
2022/04/18,M2-544,F2-170,9
2022/04/18,M2-717,F2-180,12
2022/04/18,M2-431,F2-188,7
2022/04/18,M2-435,F2-190,14
2022/05/12,M3-418,F3-164,7
2022/05/13,M3-460,F3-202,8
2022/05/16,M3-551,F3-180,9
2022/05/16,M3-559,F3-188,3
2022/05/16,M3-674,F3-198,6
2022/05/16,M3-699,F3-207,4
2022/05/17,M3-654,F3-162,8
2022/05/17,M3-543,F3-194,4
2022/05/17,M3-518,F3-215,10
2022/05/17,M3-695,F3-220,18
2022/05/18,M3-591,F3-174,8
2022/05/18,M3-511,F3-205,3
2022/05/19,M3-528,F3-209,11
2022/05/19,M3-686,F3-212,7
2022/05/19,M3-481,F3-221,23
2022/05/19,M3-705,F3-227,5
2022/05/19,M3-703,F3-231,8
2022/05/19,M3-724,F3-238,9
2022/05/19,M3-603,F3-175,6
2022/05/19,M3-633,F3-176,5
2022/05/19,M3-427,F3-184,12
2022/05/20,M3-733,F3-166,5
2022/05/20,M3-603,F3-175,11
2022/05/20,M3-516,F3-216,9
2022/05/20,M3-521,F3-183,5
2022/05/20,M3-680,F3-199,6
2022/05/23,M3-481,F3-222,7
2022/05/23,M3-576,F3-229,10
2022/05/23,M3-549,F3-161,12
2022/05/23,M3-400,F3-169,5
2022/05/23,M3-629,F3-172,11
2022/05/23,M3-551,F3-181,21
2022/05/23,M3-566,F3-192,4
2022/05/23,M3-566,F3-193,5
2022/05/23,M3-660,F3-196,8
2022/05/24,M3-659,F3-165,11
2022/05/24,M3-596,F3-177,13
2022/05/24,M3-515,F3-208,10
2022/05/25,M3-514,F3-206,11
2022/05/25,M3-730,F3-223,10
2022/05/25,M3-703,F3-232,8
2022/05/26,M3-701,F3-240,10
2022/05/26,M3-559,F3-189,6
2022/05/27,M3-636,F3-211,13
2022/05/27,M3-574,F3-218,6
2022/05/30,M3-519,F3-163,5
2022/05/30,M3-679,F3-167,4
2022/05/30,M3-594,F3-173,7
2022/05/30,M3-398,F3-178,5
2022/05/30,M3-604,F3-190,10
2022/05/30,M3-495,F3-203,6
2022/05/30,M3-530,F3-214,10
2022/05/31,M3-505,F3-204,5
2022/05/31,M3-598,F3-217,8
2022/05/31,M3-730,F3-224,7
2022/05/31,M3-611,F3-225,11
2022/05/31,M3-607,F3-233,10
2022/05/31,M3-491,F3-168,9
2022/06/02,M3-622,F3-171,13
2022/06/02,M3-678,F3-186,8
2022/06/02,M3-614,F3-201,7
2022/06/02,M3-540,F3-179,9
2022/06/03,M3-678,F3-187,14
2022/06/03,M3-705,F3-228,8
2022/06/03,M3-607,F3-234,14
2022/06/06,M3-543,F3-194,13
2022/06/06,M3-543,F3-195,14
2022/06/06,M3-660,F3-197,8
2022/06/06,M3-731,F3-210,7
2022/06/07,M3-611,F3-226,8
2022/06/07,M3-682,F3-219,8
2022/06/07,M3-597,F3-170,14
2022/06/08,M3-511,F3-205,9
2022/06/08,M3-418,F3-164,12
2022/06/08,M3-559,F3-188,10
2022/06/08,M3-674,F3-198,13
2022/06/09,M3-551,F3-180,12
2022/06/10,M3-466,F3-213,8
2022/06/10,M3-680,F3-200,8
2022/06/13,M3-460,F3-202,12
2022/06/13,M3-699,F3-207,11
2022/06/13,M3-518,F3-215,7
2022/06/13,M3-521,F3-182,4
2022/06/13,M3-427,F3-185,11
2022/06/13,M3-654,F3-162,8
2022/06/14,M3-576,F3-230,7
2022/06/14,M3-566,F3-193,5
