fish_id,patriline
m1-01,m1-01
m1-02,m1-02
m1-03,m1-03
m1-04,m1-04
m1-05,m1-05
m1-06,m1-06
m1-07,m1-07
m1-08,m1-08
m1-09,m1-09
m1-10,m1-10
m1-11,m1-11
m1-12,m1-12
m1-13,m1-13
m1-14,m1-14
m1-15,m1-15
m1-16,m1-16
m1-17,m1-17
m1-18,m1-18
m1-19,m1-19
m1-20,m1-20
m1-22,m1-22
m1-23,m1-23
m1-24,m1-24
m1-25,m1-25
m1-26,m1-26
m1-27,m1-27
m1-28,m1-28
m1-29,m1-29
m1-30,m1-30
m1-31,m1-31
m1-32,m1-32
m1-33,m1-33
m1-34,m1-34
m1-35,m1-35
m1-36,m1-36
m1-37,m1-37
m1-38,m1-38
m1-39,m1-39
m1-40,m1-40
m1-42,m1-42
m1-43,m1-43
m1-44,m1-44
m1-45,m1-45
m1-46,m1-46
m1-47,m1-47
m1-48,m1-48
m1-49,m1-49
m1-50,m1-50
m1-51,m1-51
m1-52,m1-52
m1-53,m1-53
m1-54,m1-54
m1-55,m1-55
m1-56,m1-56
m1-57,m1-57
m1-58,m1-58
m1-59,m1-59
m1-60,m1-60
m1-61,m1-61
m1-62,m1-62
m1-63,m1-63
m1-64,m1-64
m1-65,m1-65
m1-66,m1-66
m1-67,m1-67
m1-68,m1-68
m1-69,m1-69
m1-70,m1-70
m1-71,m1-71
m1-72,m1-72
m1-73,m1-73
m1-74,m1-74
m1-75,m1-75
m1-76,m1-76
m1-77,m1-77
m1-78,m1-78
m1-79,m1-79
m1-80,m1-80
m1-81,m1-81
m1-82,m1-82
m1-83,m1-83
m1-84,m1-84
m1-85,m1-85
m1-86,m1-86
m1-87,m1-87
m1-88,m1-88
m1-89,m1-89
m1-41,m1-41
m1-90,m1-90
m1-91,m1-91
m1-92,m1-92
m1-93,m1-93
m1-94,m1-94
m1-95,m1-95
m1-96,m1-96
m1-97,m1-97
m1-98,m1-98
m1-99,m1-99
m1-100,m1-100
m1-21,m1-21
m2-01,m2-01
m2-02,m2-02
m2-03,m2-03
m2-04,m2-04
m2-05,m2-05
m2-07,m2-07
m2-08,m2-08
m2-09,m2-09
m2-10,m2-10
m2-11,m2-11
m2-12,m2-12
m2-13,m2-13
m2-15,m2-15
m2-16,m2-16
m2-17,m2-17
m2-06,m2-06
m2-14,m2-14
m2-18,m2-18
m2-19,m2-19
m2-20,m2-20
m2-21,m2-21
m2-22,m2-22
m2-23,m2-23
m2-24,m2-24
m2-25,m2-25
m2-26,m2-26
m2-27,m2-27
m2-28,m2-28
m2-29,m2-29
m2-30,m2-30
m2-31,m2-31
m2-32,m2-32
m2-33,m2-33
m2-34,m2-34
m2-35,m2-35
m2-36,m2-36
m2-37,m2-37
m2-38,m2-38
m2-39,m2-39
m2-40,m2-40
m2-41,m2-41
m2-42,m2-42
m2-43,m2-43
m2-44,m2-44
m2-45,m2-45
m2-46,m2-46
m2-47,m2-47
m2-48,m2-48
m2-49,m2-49
m2-50,m2-50
m2-51,m2-51
m2-52,m2-52
m2-53,m2-53
m2-54,m2-54
m2-55,m2-55
m2-56,m2-56
m2-57,m2-57
m2-58,m2-58
m2-59,m2-59
m2-60,m2-60
m2-61,m2-61
m2-62,m2-62
m2-63,m2-63
m2-64,m2-64
m2-65,m2-65
m2-66,m2-66
m2-67,m2-67
m2-68,m2-68
m2-69,m2-69
m2-70,m2-70
m2-71,m2-71
m2-72,m2-72
m2-73,m2-73
m2-74,m2-74
m2-75,m2-75
m2-76,m2-76
m2-77,m2-77
m2-78,m2-78
m2-79,m2-79
m2-80,m2-80
m2-81,m2-81
m2-82,m2-82
m2-83,m2-83
m2-84,m2-84
m2-85,m2-85
m2-86,m2-86
m2-87,m2-87
m2-88,m2-88
m2-89,m2-89
m2-90,m2-90
m2-91,m2-91
m2-100,m2-100
m2-94,m2-94
m2-92,m2-92
m2-99,m2-99
m2-95,m2-95
m2-93,m2-93
m2-96,m2-96
m2-98,m2-98
m2-97,m2-97
m1-105,m1-55
m1-104,m1-60
m1-107,m1-81
m1-101,m1-60
m1-102,m1-60
m1-106,m1-81
m1-108,m1-04
m1-103,m1-60
m1-112,m1-34
m1-113,m1-18
m1-114,m1-18
m1-111,m1-34
m1-116,m1-38
m1-115,m1-63
m1-110,m1-45
m1-109,m1-45
m1-117,m1-38
m1-120,m1-76
m1-119,m1-76
m1-118,m1-76
m1-123,m1-15
m1-122,m1-15
m1-121,m1-15
m1-126,m1-58
m1-133,m1-54
m1-138,m1-54
m1-136,m1-54
m1-130,m1-58
m1-128,m1-58
m1-129,m1-58
m1-131,m1-58
m1-127,m1-58
m1-135,m1-54
m1-139,m1-11
m1-124,m1-58
m1-141,m1-11
m1-142,m1-11
m1-137,m1-54
m1-125,m1-58
m1-134,m1-54
m1-140,m1-11
m1-132,m1-54
m1-147,m1-69
m1-165,m1-66
m1-143,m1-66
m1-153,m1-23
m1-144,m1-75
m1-149,m1-69
m1-159,m1-23
m1-152,m1-17
m1-158,m1-23
m1-161,m1-74
m1-155,m1-23
m1-157,m1-23
m1-156,m1-23
m1-148,m1-69
m1-151,m1-17
m1-150,m1-69
m1-146,m1-75
m1-164,m1-74
m1-163,m1-74
m1-160,m1-74
m1-145,m1-75
m1-162,m1-74
m1-154,m1-23
m1-175,m1-94
m1-168,m1-80
m1-174,m1-94
m1-176,m1-32
m1-178,m1-32
m1-171,m1-94
m1-179,m1-24
m1-191,m1-39
m1-186,m1-30
m1-188,m1-39
m1-172,m1-94
m1-185,m1-30
m1-187,m1-39
m1-180,m1-24
m1-182,m1-24
m1-170,m1-80
m1-177,m1-32
m1-169,m1-80
m1-189,m1-39
m1-181,m1-24
m1-184,m1-30
m1-183,m1-24
m1-190,m1-39
m1-192,m1-39
m1-167,m1-80
m1-166,m1-80
m1-173,m1-94
m1-198,m1-24
m1-201,m1-38
m1-208,m1-44
m1-203,m1-44
m1-199,m1-38
m1-202,m1-38
m1-210,m1-21
m1-205,m1-44
m1-196,m1-24
m1-204,m1-44
m1-200,m1-38
m1-209,m1-21
m1-206,m1-44
m1-211,m1-21
m1-194,m1-33
m1-193,m1-33
m1-212,m1-21
m1-207,m1-44
m1-195,m1-33
m1-197,m1-24
m1-218,m1-54
m1-219,m1-54
m1-221,m1-56
m1-214,m1-32
m1-216,m1-32
m1-213,m1-32
m1-223,m1-56
m1-222,m1-56
m1-215,m1-32
m1-220,m1-54
m1-217,m1-32
m1-231,m1-31
m1-224,m1-97
m1-227,m1-97
m1-229,m1-97
m1-230,m1-31
m1-228,m1-97
m1-233,m1-31
m1-232,m1-31
m1-226,m1-97
m1-225,m1-97
m1-243,m1-05
m1-247,m1-05
m1-239,m1-31
m1-240,m1-31
m1-236,m1-08
m1-249,m1-05
m1-237,m1-31
m1-244,m1-05
m1-234,m1-03
m1-246,m1-05
m1-242,m1-31
m1-235,m1-03
m1-245,m1-05
m1-248,m1-05
m1-241,m1-31
m1-238,m1-31
m1-255,m1-84
m1-260,m1-13
m1-262,m1-13
m1-256,m1-84
m1-251,m1-84
m1-253,m1-84
m1-258,m1-84
m1-254,m1-84
m1-259,m1-13
m1-252,m1-84
m1-250,m1-84
m1-261,m1-13
m1-257,m1-84
m1-269,m1-46
m1-263,m1-17
m1-267,m1-46
m1-264,m1-17
m1-268,m1-46
m1-266,m1-46
m1-265,m1-17
m3-04,m3-04
m3-03,m3-03
m3-10,m3-10
m3-09,m3-09
m3-01,m3-01
m3-02,m3-02
m3-06,m3-06
m3-08,m3-08
m3-14,m3-14
m3-05,m3-05
m3-11,m3-11
m3-07,m3-07
m3-12,m3-12
m3-13,m3-13
m3-22,m3-22
m3-23,m3-23
m3-17,m3-17
m3-18,m3-18
m3-20,m3-20
m3-19,m3-19
m3-25,m3-25
m3-15,m3-15
m3-21,m3-21
m3-24,m3-24
m3-16,m3-16
m3-39,m3-39
m3-32,m3-32
m3-26,m3-26
m3-36,m3-36
m3-48,m3-48
m3-27,m3-27
m3-30,m3-30
m3-34,m3-34
m3-44,m3-44
m3-29,m3-29
m3-37,m3-37
m3-33,m3-33
m3-41,m3-41
m3-35,m3-35
m3-49,m3-49
m3-31,m3-31
m3-38,m3-38
m3-50,m3-50
m3-51,m3-51
m3-40,m3-40
m3-47,m3-47
m3-46,m3-46
m3-28,m3-28
m3-45,m3-45
m3-43,m3-43
m3-42,m3-42
m3-78,m3-78
m3-81,m3-81
m3-70,m3-70
m3-53,m3-53
m3-69,m3-69
m3-76,m3-76
m3-55,m3-55
m3-63,m3-63
m3-65,m3-65
m3-84,m3-84
m3-71,m3-71
m3-83,m3-83
m3-57,m3-57
m3-54,m3-54
m3-75,m3-75
m3-85,m3-85
m3-68,m3-68
m3-73,m3-73
m3-74,m3-74
m3-62,m3-62
m3-66,m3-66
m3-87,m3-87
m3-60,m3-60
m3-61,m3-61
m3-82,m3-82
m3-79,m3-79
m3-67,m3-67
m3-52,m3-52
m3-56,m3-56
m3-64,m3-64
m3-58,m3-58
m3-86,m3-86
m3-59,m3-59
m3-95,m3-95
m3-93,m3-93
m3-89,m3-89
m3-91,m3-91
m3-100,m3-100
m3-72,m3-72
m3-88,m3-88
m3-92,m3-92
m3-99,m3-99
m3-96,m3-96
m3-77,m3-77
m3-80,m3-80
m3-94,m3-94
m3-90,m3-90
m3-98,m3-98
m3-97,m3-97
m1-273,m1-36
m1-275,m1-06
m1-271,m1-36
m1-276,m1-06
m1-270,m1-36
m1-277,m1-06
m1-279,m1-71
m1-272,m1-36
m1-274,m1-06
m1-278,m1-68
m1-283,m1-73
m1-284,m1-73
m1-290,m1-72
m1-291,m1-72
m1-286,m1-72
m1-282,m1-73
m1-289,m1-72
m1-292,m1-72
m1-285,m1-73
m1-281,m1-73
m1-287,m1-72
m1-288,m1-72
m1-280,m1-73
m1-299,m1-30
m1-295,m1-37
m1-306,m1-21
m1-307,m1-21
m1-303,m1-23
m1-313,m1-46
m1-297,m1-37
m1-294,m1-37
m1-293,m1-37
m1-310,m1-34
m1-300,m1-23
m1-301,m1-23
m1-312,m1-46
m1-304,m1-21
m1-305,m1-21
m1-311,m1-46
m1-309,m1-21
m1-302,m1-23
m1-314,m1-46
m1-296,m1-37
m1-308,m1-21
m1-298,m1-38
m1-322,m1-88
m1-320,m1-36
m1-324,m1-88
m1-321,m1-89
m1-319,m1-36
m1-326,m1-88
m1-316,m1-36
m1-317,m1-36
m1-325,m1-88
m1-327,m1-88
m1-318,m1-36
m1-329,m1-88
m1-323,m1-88
m1-328,m1-88
m1-330,m1-88
m1-315,m1-36
m1-332,m1-82
m1-334,m1-82
m1-336,m1-82
m1-337,m1-25
m1-331,m1-82
m1-339,m1-25
m1-340,m1-25
m1-338,m1-25
m1-333,m1-82
m1-335,m1-82
m1-345,m1-78
m1-344,m1-78
m1-343,m1-78
m1-342,m1-12
m1-341,m1-12
m1-346,m1-09
m1-352,m1-09
m1-348,m1-55
m1-350,m1-55
m1-355,m1-09
m1-353,m1-09
m1-356,m1-37
m1-349,m1-55
m1-354,m1-09
m1-347,m1-55
m1-357,m1-37
m1-351,m1-55
m1-362,m1-60
m1-359,m1-38
m1-360,m1-60
m1-361,m1-60
m1-358,m1-38
m1-363,m1-60
m1-364,m1-60
m1-369,m1-60
m1-375,m1-28
m1-371,m1-45
m1-365,m1-60
m1-372,m1-45
m1-379,m1-28
m1-374,m1-28
m1-377,m1-28
m1-366,m1-60
m1-367,m1-60
m1-378,m1-28
m1-373,m1-28
m1-368,m1-60
m1-376,m1-28
m1-380,m1-28
m1-370,m1-60
m1-381,m1-39
m1-386,m1-76
m1-382,m1-39
m1-383,m1-76
m1-384,m1-76
m1-385,m1-76
m1-399,m1-15
m1-391,m1-58
m1-388,m1-58
m1-400,m1-15
m1-392,m1-58
m1-401,m1-15
m1-398,m1-15
m1-402,m1-15
m1-393,m1-58
m1-395,m1-15
m1-394,m1-15
m1-387,m1-58
m1-390,m1-58
m1-396,m1-15
m1-397,m1-15
m1-389,m1-58
m1-409,m1-34
m1-424,m1-63
m1-410,m1-34
m1-418,m1-81
m1-406,m1-18
m1-421,m1-63
m1-414,m1-34
m1-423,m1-63
m1-411,m1-34
m1-415,m1-34
m1-412,m1-34
m1-425,m1-63
m1-416,m1-81
m1-407,m1-18
m1-413,m1-34
m1-404,m1-18
m1-408,m1-18
m1-422,m1-63
m1-403,m1-18
m1-417,m1-81
m1-420,m1-81
m1-405,m1-18
m1-419,m1-81
m1-426,m1-45
m1-428,m1-66
m1-431,m1-66
m1-427,m1-45
m1-429,m1-66
m1-430,m1-66
m1-436,m1-69
m1-432,m1-66
m1-433,m1-66
m1-435,m1-69
m1-434,m1-69
m1-437,m1-98
m1-438,m1-98
m1-448,m1-94
m1-440,m1-75
m1-446,m1-94
m1-447,m1-94
m1-443,m1-75
m1-445,m1-94
m1-441,m1-75
m1-444,m1-94
m1-442,m1-75
m2-117,m2-74
m2-116,m2-70
m2-106,m2-89
m2-124,m2-83
m2-115,m2-90
m2-110,m2-100
m2-105,m2-78
m2-101,m2-61
m2-104,m2-78
m2-113,m2-31
m2-102,m2-87
m2-120,m2-74
m2-118,m2-74
m2-119,m2-74
m2-122,m2-74
m2-111,m2-77
m2-107,m2-89
m2-109,m2-89
m2-103,m2-78
m2-112,m2-77
m2-121,m2-74
m2-114,m2-90
m2-123,m2-74
m2-108,m2-89
m2-130,m2-18
m2-133,m2-93
m2-126,m2-34
m2-127,m2-24
m2-129,m2-18
m2-128,m2-24
m2-132,m2-05
m2-135,m2-93
m2-134,m2-93
m2-125,m2-34
m2-131,m2-18
m2-141,m2-76
m2-140,m2-76
m2-142,m2-93
m2-136,m2-75
m2-138,m2-75
m2-139,m2-76
m2-137,m2-75
m2-148,m2-15
m2-144,m2-93
m2-149,m2-15
m2-145,m2-93
m2-146,m2-93
m2-143,m2-93
m2-147,m2-15
m2-160,m2-04
m2-164,m2-10
m2-157,m2-04
m2-153,m2-65
m2-156,m2-04
m2-151,m2-15
m2-162,m2-04
m2-165,m2-10
m2-159,m2-04
m2-152,m2-65
m2-158,m2-04
m2-168,m2-10
m2-154,m2-04
m2-166,m2-10
m2-150,m2-15
m2-163,m2-04
m2-155,m2-04
m2-161,m2-04
m2-167,m2-10
m2-174,m2-49
m2-171,m2-10
m2-175,m2-49
m2-172,m2-10
m2-173,m2-10
m2-170,m2-10
m2-176,m2-49
m2-169,m2-10
m2-182,m2-43
m2-177,m2-43
m2-179,m2-43
m2-181,m2-43
m2-178,m2-43
m2-180,m2-43
m2-186,m2-22
m2-184,m2-22
m2-183,m2-22
m2-185,m2-22
m2-190,m2-64
m2-196,m2-06
m2-197,m2-06
m2-187,m2-64
m2-191,m2-27
m2-188,m2-64
m2-193,m2-06
m2-195,m2-06
m2-189,m2-64
m2-198,m2-07
m2-194,m2-06
m2-192,m2-27
m2-199,m2-07
m2-207,m2-77
m2-205,m2-77
m2-200,m2-33
m2-203,m2-33
m2-204,m2-77
m2-201,m2-33
m2-202,m2-33
m2-206,m2-77
m2-211,m2-98
m2-216,m2-81
m2-214,m2-68
m2-212,m2-98
m2-213,m2-68
m2-217,m2-81
m2-209,m2-55
m2-215,m2-68
m2-208,m2-55
m2-219,m2-81
m2-218,m2-81
m2-210,m2-55
m2-226,m2-79
m2-250,m2-39
m2-236,m2-96
m2-237,m2-96
m2-231,m2-32
m2-229,m2-79
m2-233,m2-32
m2-244,m2-03
m2-228,m2-79
m2-242,m2-03
m2-224,m2-79
m2-222,m2-99
m2-232,m2-32
m2-238,m2-96
m2-227,m2-79
m2-235,m2-32
m2-240,m2-11
m2-225,m2-79
m2-220,m2-81
m2-248,m2-39
m2-245,m2-03
m2-221,m2-81
m2-223,m2-99
m2-243,m2-03
m2-247,m2-39
m2-234,m2-32
m2-230,m2-79
m2-239,m2-11
m2-241,m2-11
m2-246,m2-03
m2-249,m2-39
m2-270,m2-54
m2-276,m2-52
m2-261,m2-57
m2-260,m2-33
m2-262,m2-57
m2-265,m2-57
m2-255,m2-65
m2-271,m2-52
m2-278,m2-12
m2-258,m2-33
m2-267,m2-54
m2-263,m2-57
m2-275,m2-52
m2-264,m2-57
m2-279,m2-12
m2-269,m2-54
m2-253,m2-65
m2-268,m2-54
m2-280,m2-12
m2-251,m2-39
m2-256,m2-65
m2-259,m2-33
m2-272,m2-52
m2-274,m2-52
m2-266,m2-54
m2-257,m2-65
m2-281,m2-12
m2-273,m2-52
m2-277,m2-79
m2-254,m2-65
m2-252,m2-65
m2-282,m2-26
m2-286,m2-22
m2-283,m2-26
m2-284,m2-26
m2-287,m2-22
m2-292,m2-31
m2-290,m2-31
m2-289,m2-31
m2-288,m2-31
m2-291,m2-31
m2-285,m2-64
m2-293,m2-31
m2-295,m2-02
m2-294,m2-02
m2-296,m2-02
m2-297,m2-02
m2-299,m2-02
m2-301,m2-90
m2-300,m2-90
m2-298,m2-02
m2-310,m2-99
m2-305,m2-99
m2-311,m2-99
m2-316,m2-78
m2-313,m2-78
m2-312,m2-99
m2-318,m2-78
m2-306,m2-99
m2-302,m2-90
m2-303,m2-90
m2-314,m2-78
m2-315,m2-78
m2-307,m2-99
m2-304,m2-90
m2-308,m2-99
m2-317,m2-78
m2-309,m2-99
m2-319,m2-95
m2-321,m2-87
m2-325,m2-35
m2-320,m2-87
m2-326,m2-35
m2-322,m2-87
m2-327,m2-35
m2-323,m2-87
m2-324,m2-87
m2-328,m2-35
m2-332,m2-35
m2-329,m2-35
m2-330,m2-35
m2-331,m2-35
m2-333,m2-32
m2-334,m2-32
m2-335,m2-32
m2-346,m2-42
m2-341,m2-100
m2-339,m2-100
m2-336,m2-32
m2-345,m2-42
m2-347,m2-42
m2-338,m2-100
m2-344,m2-42
m2-342,m2-100
m2-340,m2-100
m2-337,m2-100
m2-343,m2-100
m2-348,m2-42
m2-353,m2-61
m2-349,m2-42
m2-352,m2-61
m2-354,m2-36
m2-360,m2-78
m2-351,m2-61
m2-355,m2-87
m2-350,m2-61
m2-357,m2-87
m2-356,m2-87
m2-358,m2-87
m2-359,m2-87
m2-361,m2-78
m2-364,m2-78
m2-368,m2-89
m2-366,m2-89
m2-362,m2-78
m2-363,m2-78
m2-369,m2-89
m2-367,m2-89
m2-365,m2-78
m2-372,m2-56
m2-371,m2-56
m2-373,m2-56
m2-370,m2-89
m2-375,m2-77
m2-378,m2-77
m2-376,m2-77
m2-377,m2-77
m2-374,m2-56
m2-379,m2-77
m2-383,m2-24
m2-380,m2-77
m2-381,m2-77
m2-382,m2-24
m2-388,m2-24
m2-400,m2-05
m2-391,m2-23
m2-398,m2-70
m2-390,m2-23
m2-394,m2-70
m2-393,m2-23
m2-385,m2-24
m2-396,m2-70
m2-387,m2-24
m2-389,m2-23
m2-392,m2-23
m2-384,m2-24
m2-397,m2-70
m2-399,m2-05
m2-386,m2-24
m2-395,m2-70
m2-402,m2-05
m2-401,m2-05
m2-405,m2-73
m2-404,m2-73
m2-407,m2-73
m2-406,m2-73
m2-408,m2-73
m2-403,m2-05
m2-411,m2-15
m2-415,m2-31
m2-410,m2-15
m2-419,m2-31
m2-417,m2-31
m2-412,m2-15
m2-414,m2-31
m2-416,m2-31
m2-409,m2-34
m2-413,m2-15
m2-418,m2-31
m2-420,m2-22
m2-421,m2-22
m2-422,m2-22
m2-423,m2-22
m3-108,m3-41
m3-106,m3-83
m3-105,m3-83
m3-109,m3-47
m3-111,m3-23
m3-102,m3-89
m3-104,m3-24
m3-103,m3-89
m3-101,m3-67
m3-107,m3-50
m3-110,m3-23
m3-127,m3-04
m3-115,m3-23
m3-125,m3-06
m3-112,m3-23
m3-126,m3-06
m3-114,m3-23
m3-124,m3-06
m3-122,m3-06
m3-128,m3-04
m3-123,m3-06
m3-116,m3-96
m3-118,m3-33
m3-113,m3-23
m3-119,m3-49
m3-117,m3-33
m3-120,m3-49
m3-121,m3-06
m3-137,m3-55
m3-132,m3-39
m3-129,m3-04
m3-131,m3-39
m3-145,m3-17
m3-140,m3-12
m3-138,m3-55
m3-146,m3-17
m3-144,m3-12
m3-141,m3-12
m3-134,m3-87
m3-143,m3-12
m3-133,m3-39
m3-130,m3-04
m3-135,m3-87
m3-139,m3-55
m3-142,m3-12
m3-136,m3-55
m3-150,m3-07
m3-148,m3-07
m3-149,m3-07
m3-151,m3-03
m3-155,m3-08
m3-152,m3-03
m3-154,m3-03
m3-153,m3-03
m3-147,m3-07
m3-156,m3-08
m3-158,m3-39
m3-160,m3-31
m3-159,m3-39
m3-166,m3-34
m3-165,m3-34
m3-164,m3-34
m3-163,m3-31
m3-157,m3-61
m3-161,m3-31
m3-162,m3-31
m3-186,m3-62
m3-174,m3-68
m3-176,m3-68
m3-173,m3-66
m3-168,m3-66
m3-182,m3-42
m3-169,m3-66
m3-178,m3-42
m3-183,m3-84
m3-184,m3-84
m3-175,m3-68
m3-171,m3-66
m3-170,m3-66
m3-177,m3-68
m3-172,m3-66
m3-167,m3-22
m3-179,m3-42
m3-185,m3-84
m3-181,m3-42
m3-197,m3-09
m3-187,m3-62
m3-190,m3-62
m3-195,m3-09
m3-194,m3-23
m3-193,m3-23
m3-188,m3-62
m3-198,m3-47
m3-192,m3-23
m3-191,m3-23
m3-196,m3-09
m3-189,m3-62
m3-216,m3-95
m3-199,m3-16
m3-206,m3-04
m3-201,m3-16
m3-214,m3-88
m3-218,m3-95
m3-200,m3-16
m3-220,m3-95
m3-219,m3-95
m3-221,m3-95
m3-222,m3-95
m3-204,m3-81
m3-210,m3-04
m3-217,m3-95
m3-212,m3-88
m3-209,m3-04
m3-205,m3-81
m3-207,m3-04
m3-213,m3-88
m3-208,m3-04
m3-211,m3-78
m3-224,m3-95
m3-202,m3-16
m3-203,m3-16
m3-215,m3-88
m3-223,m3-95
m3-238,m3-08
m3-225,m3-83
m3-245,m3-29
m3-240,m3-69
m3-246,m3-29
m3-242,m3-29
m3-235,m3-56
m3-237,m3-08
m3-241,m3-69
m3-247,m3-29
m3-232,m3-56
m3-230,m3-83
m3-236,m3-08
m3-229,m3-83
m3-231,m3-54
m3-243,m3-29
m3-228,m3-83
m3-244,m3-29
m3-226,m3-83
m3-234,m3-56
m3-227,m3-83
m3-233,m3-56
m3-239,m3-69
m3-249,m3-72
m3-250,m3-72
m3-251,m3-72
m3-253,m3-72
m3-254,m3-72
m3-252,m3-72
m3-248,m3-72
m3-269,m3-76
m3-270,m3-76
m3-263,m3-70
m3-266,m3-62
m3-265,m3-62
m3-262,m3-70
m3-268,m3-76
m3-267,m3-76
m3-264,m3-70
m3-256,m3-58
m3-261,m3-53
m3-259,m3-53
m3-258,m3-58
m3-257,m3-58
m3-260,m3-53
m3-255,m3-58
m3-276,m3-55
m3-271,m3-28
m3-284,m3-99
m3-272,m3-28
m3-275,m3-28
m3-278,m3-18
m3-282,m3-99
m3-273,m3-28
m3-279,m3-05
m3-283,m3-99
m3-274,m3-28
m3-277,m3-55
m3-280,m3-99
m3-281,m3-99
m3-286,m3-74
m3-289,m3-15
m3-297,m3-70
m3-292,m3-15
m3-288,m3-74
m3-290,m3-15
m3-287,m3-74
m3-294,m3-15
m3-296,m3-70
m3-295,m3-70
m3-285,m3-74
m3-291,m3-15
m3-293,m3-15
m3-304,m3-11
m3-312,m3-61
m3-305,m3-11
m3-307,m3-11
m3-298,m3-70
m3-311,m3-61
m3-300,m3-70
m3-308,m3-11
m3-299,m3-70
m3-313,m3-90
m3-309,m3-11
m3-314,m3-90
m3-302,m3-70
m3-301,m3-70
m3-303,m3-11
m3-310,m3-61
m3-306,m3-11
m3-323,m3-42
m3-322,m3-42
m3-319,m3-78
m3-317,m3-78
m3-318,m3-78
m3-315,m3-78
m3-316,m3-78
m3-321,m3-42
m3-320,m3-42
m3-325,m3-67
m3-324,m3-67
m3-333,m3-54
m3-326,m3-67
m3-327,m3-67
m3-330,m3-15
m3-328,m3-67
m3-331,m3-15
m3-334,m3-54
m3-332,m3-54
m3-329,m3-15
m3-340,m3-18
m3-341,m3-18
m3-344,m3-58
m3-343,m3-18
m3-347,m3-58
m3-348,m3-58
m3-337,m3-69
m3-351,m3-58
m3-350,m3-58
m3-355,m3-94
m3-349,m3-58
m3-339,m3-18
m3-342,m3-18
m3-335,m3-54
m3-356,m3-94
m3-352,m3-46
m3-338,m3-69
m3-345,m3-58
m3-346,m3-58
m3-336,m3-69
m3-353,m3-46
m3-354,m3-94
m3-372,m3-30
m3-376,m3-35
m3-374,m3-35
m3-371,m3-30
m3-360,m3-86
m3-366,m3-24
m3-358,m3-86
m3-373,m3-35
m3-359,m3-86
m3-364,m3-89
m3-369,m3-24
m3-377,m3-35
m3-368,m3-24
m3-362,m3-89
m3-365,m3-24
m3-375,m3-35
m3-357,m3-86
m3-367,m3-24
m3-361,m3-89
m3-363,m3-89
m3-382,m3-06
m3-392,m3-12
m3-389,m3-04
m3-387,m3-04
m3-378,m3-06
m3-385,m3-04
m3-383,m3-06
m3-386,m3-04
m3-391,m3-12
m3-379,m3-06
m3-380,m3-06
m3-384,m3-04
m3-390,m3-12
m3-393,m3-12
m3-388,m3-04
m3-381,m3-06
m1-463,m1-17
m1-457,m1-34
m1-458,m1-33
m1-453,m1-36
m1-459,m1-33
m1-449,m1-36
m1-452,m1-36
m1-451,m1-36
m1-454,m1-34
m1-461,m1-17
m1-460,m1-33
m1-455,m1-34
m1-456,m1-34
m1-450,m1-36
m1-462,m1-17
m1-467,m1-69
m1-483,m1-94
m1-470,m1-63
m1-464,m1-69
m1-475,m1-54
m1-490,m1-94
m1-476,m1-54
m1-485,m1-94
m1-488,m1-94
m1-473,m1-63
m1-480,m1-24
m1-472,m1-63
m1-471,m1-63
m1-478,m1-24
m1-468,m1-69
m1-481,m1-24
m1-482,m1-24
m1-484,m1-94
m1-496,m1-05
m1-477,m1-54
m1-479,m1-24
m1-492,m1-71
m1-486,m1-94
m1-489,m1-94
m1-494,m1-71
m1-491,m1-71
m1-469,m1-69
m1-487,m1-94
m1-465,m1-69
m1-495,m1-05
m1-474,m1-63
m1-493,m1-71
m1-466,m1-69
m1-497,m1-38
m1-498,m1-38
m1-499,m1-38
m1-502,m1-32
m1-515,m1-28
m1-504,m1-32
m1-509,m1-63
m1-514,m1-28
m1-513,m1-75
m1-507,m1-63
m1-505,m1-32
m1-511,m1-63
m1-510,m1-63
m1-503,m1-32
m1-512,m1-75
m1-501,m1-38
m1-500,m1-38
m1-508,m1-63
m1-530,m1-60
m1-525,m1-94
m1-520,m1-94
m1-524,m1-94
m1-526,m1-94
m1-518,m1-28
m1-531,m1-60
m1-522,m1-94
m1-519,m1-28
m1-521,m1-94
m1-523,m1-94
m1-528,m1-60
m1-529,m1-60
m1-516,m1-28
m1-527,m1-60
m1-517,m1-28
m1-550,m1-31
m1-545,m1-39
m1-547,m1-39
m1-542,m1-84
m1-534,m1-09
m1-540,m1-84
m1-551,m1-31
m1-549,m1-31
m1-532,m1-09
m1-535,m1-09
m1-541,m1-84
m1-537,m1-09
m1-546,m1-39
m1-536,m1-09
m1-538,m1-84
m1-552,m1-33
m1-539,m1-84
m1-553,m1-33
m1-548,m1-31
m1-543,m1-39
m1-533,m1-09
m1-544,m1-39
m1-555,m1-84
m1-557,m1-84
m1-554,m1-84
m1-556,m1-84
m1-558,m1-32
m1-560,m1-34
m1-562,m1-34
m1-559,m1-32
m1-563,m1-34
m1-561,m1-34
m1-570,m1-21
m1-572,m1-21
m1-571,m1-21
m1-564,m1-28
m1-566,m1-28
m1-573,m1-21
m1-569,m1-28
m1-565,m1-28
m1-567,m1-28
m1-568,m1-28
m1-583,m1-23
m1-587,m1-23
m1-582,m1-23
m1-577,m1-05
m1-579,m1-05
m1-584,m1-23
m1-581,m1-23
m1-574,m1-05
m1-578,m1-05
m1-575,m1-05
m1-580,m1-05
m1-586,m1-23
m1-576,m1-05
m1-585,m1-23
m1-592,m1-39
m1-589,m1-46
m1-591,m1-46
m1-590,m1-46
m1-610,m1-54
m1-598,m1-24
m1-596,m1-24
m1-594,m1-39
m1-600,m1-24
m1-608,m1-54
m1-604,m1-60
m1-595,m1-39
m1-606,m1-60
m1-599,m1-24
m1-609,m1-54
m1-597,m1-24
m1-607,m1-54
m1-605,m1-60
m1-603,m1-60
m1-602,m1-60
m1-593,m1-39
m1-588,m1-46
m1-601,m1-60
m1-618,m1-76
m1-624,m1-76
m1-622,m1-76
m1-621,m1-76
m1-617,m1-32
m1-623,m1-76
m1-611,m1-56
m1-612,m1-56
m1-619,m1-76
m1-614,m1-56
m1-615,m1-32
m1-616,m1-32
m1-613,m1-56
m1-638,m1-54
m1-634,m1-58
m1-637,m1-54
m1-628,m1-09
m1-631,m1-58
m1-639,m1-54
m1-643,m1-66
m1-626,m1-09
m1-641,m1-54
m1-635,m1-58
m1-632,m1-58
m1-627,m1-09
m1-640,m1-54
m1-629,m1-09
m1-633,m1-58
m1-630,m1-09
m1-625,m1-09
m1-642,m1-54
m1-636,m1-58
m1-650,m1-24
m1-645,m1-24
m1-658,m1-24
m1-655,m1-24
m1-664,m1-60
m1-660,m1-24
m1-659,m1-24
m1-651,m1-32
m1-646,m1-24
m1-656,m1-24
m1-653,m1-32
m1-648,m1-24
m1-644,m1-24
m1-657,m1-24
m1-661,m1-39
m1-649,m1-24
m1-652,m1-32
m1-665,m1-60
m1-662,m1-39
m1-654,m1-32
m1-663,m1-60
m1-647,m1-24
m1-668,m1-60
m1-666,m1-60
m1-667,m1-60
m1-672,m1-13
m1-669,m1-05
m1-676,m1-13
m1-675,m1-13
m1-679,m1-24
m1-671,m1-05
m1-680,m1-24
m1-673,m1-13
m1-670,m1-05
m1-677,m1-24
m1-674,m1-13
m1-678,m1-24
m1-687,m1-84
m1-684,m1-84
m1-683,m1-84
m1-686,m1-84
m1-696,m1-13
m1-695,m1-13
m1-685,m1-84
m1-682,m1-84
m1-688,m1-71
m1-689,m1-71
m1-691,m1-13
m1-681,m1-84
m1-692,m1-13
m1-690,m1-71
m1-693,m1-13
m1-694,m1-13
m1-699,m1-74
m1-712,m1-09
m1-698,m1-74
m1-710,m1-60
m1-697,m1-74
m1-704,m1-84
m1-702,m1-74
m1-708,m1-46
m1-700,m1-74
m1-701,m1-74
m1-707,m1-46
m1-703,m1-84
m1-711,m1-09
m1-706,m1-46
m1-709,m1-60
m1-705,m1-46
m1-713,m1-09
m1-715,m1-30
m1-717,m1-30
m1-714,m1-30
m1-720,m1-30
m1-716,m1-30
m1-721,m1-30
m1-722,m1-34
m1-724,m1-34
m1-723,m1-34
m1-719,m1-30
m1-718,m1-30
m1-730,m1-31
m1-736,m1-76
m1-739,m1-76
m1-732,m1-31
m1-725,m1-12
m1-735,m1-76
m1-738,m1-76
m1-726,m1-12
m1-733,m1-31
m1-727,m1-12
m1-734,m1-76
m1-737,m1-76
m1-729,m1-31
m1-731,m1-31
m1-728,m1-12
m1-752,m1-18
m1-751,m1-18
m1-753,m1-18
m1-742,m1-12
m1-747,m1-69
m1-749,m1-18
m1-740,m1-12
m1-754,m1-18
m1-748,m1-69
m1-745,m1-69
m1-750,m1-18
m1-744,m1-12
m1-743,m1-12
m1-741,m1-12
m1-746,m1-69
m1-760,m1-28
m1-758,m1-28
m1-769,m1-17
m1-759,m1-28
m1-787,m1-63
m1-772,m1-54
m1-774,m1-13
m1-755,m1-28
m1-780,m1-05
m1-778,m1-13
m1-786,m1-63
m1-791,m1-54
m1-783,m1-05
m1-790,m1-54
m1-770,m1-17
m1-792,m1-54
m1-789,m1-54
m1-761,m1-28
m1-775,m1-13
m1-764,m1-66
m1-782,m1-05
m1-776,m1-13
m1-773,m1-54
m1-756,m1-28
m1-779,m1-13
m1-781,m1-05
m1-785,m1-63
m1-762,m1-66
m1-771,m1-17
m1-768,m1-17
m1-763,m1-66
m1-777,m1-13
m1-788,m1-54
m1-784,m1-63
m1-757,m1-28
m1-767,m1-17
m1-766,m1-66
m1-765,m1-66
m1-795,m1-24
m1-794,m1-24
m1-793,m1-24
m1-806,m1-33
m1-796,m1-36
m1-801,m1-69
m1-798,m1-36
m1-807,m1-33
m1-808,m1-33
m1-802,m1-69
m1-797,m1-36
m1-804,m1-33
m1-800,m1-69
m1-803,m1-69
m1-799,m1-36
m1-805,m1-33
m1-815,m1-71
m1-817,m1-84
m1-818,m1-84
m1-812,m1-71
m1-809,m1-71
m1-820,m1-84
m1-821,m1-84
m1-822,m1-84
m1-819,m1-84
m1-816,m1-71
m1-824,m1-84
m1-813,m1-71
m1-823,m1-84
m1-810,m1-71
m1-814,m1-71
m1-811,m1-71
m1-829,m1-39
m1-831,m1-28
m1-832,m1-28
m1-828,m1-39
m1-834,m1-39
m1-825,m1-39
m1-833,m1-39
m1-830,m1-28
m1-826,m1-39
m1-827,m1-39
m1-842,m1-75
m1-836,m1-94
m1-837,m1-94
m1-839,m1-75
m1-838,m1-94
m1-835,m1-94
m1-841,m1-75
m1-840,m1-75
m2-431,m2-35
m2-458,m2-23
m2-450,m2-52
m2-461,m2-79
m2-433,m2-32
m2-462,m2-79
m2-436,m2-32
m2-432,m2-35
m2-455,m2-23
m2-428,m2-31
m2-448,m2-57
m2-445,m2-100
m2-438,m2-22
m2-449,m2-52
m2-430,m2-35
m2-464,m2-79
m2-426,m2-07
m2-457,m2-23
m2-463,m2-79
m2-459,m2-23
m2-440,m2-100
m2-427,m2-31
m2-460,m2-79
m2-435,m2-32
m2-452,m2-52
m2-456,m2-23
m2-429,m2-31
m2-443,m2-100
m2-444,m2-100
m2-446,m2-100
m2-441,m2-100
m2-465,m2-79
m2-442,m2-100
m2-447,m2-57
m2-425,m2-07
m2-439,m2-15
m2-453,m2-23
m2-454,m2-23
m2-437,m2-22
m2-434,m2-32
m2-424,m2-07
m2-451,m2-52
m2-475,m2-90
m2-470,m2-54
m2-466,m2-12
m2-469,m2-87
m2-473,m2-90
m2-474,m2-90
m2-476,m2-90
m2-472,m2-54
m2-467,m2-12
m2-471,m2-54
m2-468,m2-12
m2-480,m2-32
m2-488,m2-42
m2-477,m2-32
m2-486,m2-42
m2-478,m2-32
m2-489,m2-42
m2-481,m2-42
m2-485,m2-42
m2-487,m2-42
m2-483,m2-42
m2-484,m2-42
m2-482,m2-42
m2-479,m2-32
m2-491,m2-89
m2-492,m2-89
m2-497,m2-33
m2-494,m2-89
m2-499,m2-96
m2-505,m2-70
m2-501,m2-96
m2-493,m2-89
m2-496,m2-89
m2-490,m2-89
m2-503,m2-70
m2-498,m2-33
m2-502,m2-96
m2-504,m2-70
m2-495,m2-89
m2-500,m2-96
m2-506,m2-07
m2-519,m2-73
m2-523,m2-73
m2-511,m2-07
m2-530,m2-22
m2-517,m2-05
m2-520,m2-73
m2-515,m2-05
m2-521,m2-73
m2-512,m2-07
m2-508,m2-07
m2-524,m2-73
m2-518,m2-73
m2-507,m2-07
m2-509,m2-07
m2-525,m2-73
m2-527,m2-22
m2-510,m2-07
m2-531,m2-22
m2-528,m2-22
m2-532,m2-22
m2-533,m2-22
m2-529,m2-22
m2-522,m2-73
m2-513,m2-22
m2-514,m2-39
m2-516,m2-05
m2-526,m2-73
m2-540,m2-31
m2-548,m2-15
m2-544,m2-79
m2-547,m2-15
m2-545,m2-79
m2-536,m2-15
m2-537,m2-15
m2-541,m2-31
m2-535,m2-15
m2-539,m2-31
m2-546,m2-15
m2-538,m2-15
m2-542,m2-79
m2-549,m2-15
m2-534,m2-15
m2-543,m2-79
m2-555,m2-89
m2-556,m2-89
m2-558,m2-89
m2-554,m2-89
m2-557,m2-89
m2-559,m2-89
m2-552,m2-12
m2-551,m2-12
m2-553,m2-89
m2-550,m2-12
m2-580,m2-56
m2-560,m2-42
m2-597,m2-10
m2-576,m2-56
m2-561,m2-42
m2-593,m2-10
m2-588,m2-89
m2-590,m2-89
m2-579,m2-56
m2-594,m2-10
m2-586,m2-78
m2-587,m2-89
m2-584,m2-78
m2-567,m2-99
m2-581,m2-56
m2-563,m2-78
m2-570,m2-99
m2-564,m2-89
m2-589,m2-89
m2-595,m2-10
m2-585,m2-78
m2-574,m2-54
m2-582,m2-56
m2-598,m2-10
m2-578,m2-56
m2-569,m2-99
m2-562,m2-42
m2-572,m2-54
m2-583,m2-78
m2-566,m2-23
m2-571,m2-35
m2-565,m2-23
m2-568,m2-99
m2-577,m2-56
m2-591,m2-89
m2-573,m2-54
m2-596,m2-10
m2-592,m2-89
m2-575,m2-54
m2-609,m2-76
m2-604,m2-23
m2-608,m2-76
m2-611,m2-76
m2-617,m2-87
m2-603,m2-22
m2-600,m2-22
m2-612,m2-76
m2-620,m2-02
m2-606,m2-23
m2-616,m2-87
m2-619,m2-87
m2-614,m2-87
m2-601,m2-22
m2-599,m2-22
m2-618,m2-87
m2-621,m2-02
m2-602,m2-22
m2-607,m2-23
m2-613,m2-76
m2-615,m2-87
m2-610,m2-76
m2-605,m2-23
m2-640,m2-78
m2-641,m2-78
m2-637,m2-78
m2-646,m2-34
m2-643,m2-34
m2-634,m2-100
m2-639,m2-78
m2-645,m2-34
m2-635,m2-100
m2-630,m2-100
m2-647,m2-34
m2-631,m2-100
m2-644,m2-34
m2-628,m2-73
m2-633,m2-100
m2-638,m2-78
m2-624,m2-02
m2-636,m2-100
m2-626,m2-73
m2-622,m2-02
m2-623,m2-02
m2-632,m2-100
m2-629,m2-73
m2-642,m2-34
m2-625,m2-12
m2-627,m2-73
m2-663,m2-31
m2-658,m2-90
m2-650,m2-54
m2-657,m2-90
m2-660,m2-31
m2-655,m2-90
m2-653,m2-54
m2-654,m2-90
m2-649,m2-70
m2-652,m2-54
m2-656,m2-90
m2-662,m2-31
m2-651,m2-54
m2-648,m2-90
m2-661,m2-31
m2-659,m2-31
m2-680,m2-70
m2-696,m2-33
m2-672,m2-22
m2-701,m2-33
m2-669,m2-42
m2-704,m2-33
m2-703,m2-33
m2-690,m2-31
m2-665,m2-31
m2-689,m2-31
m2-688,m2-76
m2-702,m2-33
m2-686,m2-76
m2-677,m2-35
m2-670,m2-42
m2-692,m2-33
m2-682,m2-70
m2-687,m2-76
m2-676,m2-35
m2-691,m2-31
m2-683,m2-76
m2-664,m2-31
m2-699,m2-33
m2-695,m2-33
m2-671,m2-22
m2-668,m2-42
m2-700,m2-33
m2-673,m2-22
m2-667,m2-42
m2-674,m2-22
m2-698,m2-33
m2-684,m2-76
m2-666,m2-42
m2-693,m2-33
m2-697,m2-33
m2-679,m2-70
m2-681,m2-70
m2-678,m2-35
m2-685,m2-76
m2-675,m2-35
m2-694,m2-33
m2-721,m2-39
m2-728,m2-100
m2-713,m2-23
m2-712,m2-23
m2-729,m2-100
m2-722,m2-39
m2-720,m2-39
m2-727,m2-100
m2-719,m2-39
m2-726,m2-32
m2-705,m2-15
m2-723,m2-32
m2-708,m2-12
m2-725,m2-32
m2-707,m2-15
m2-711,m2-23
m2-709,m2-12
m2-714,m2-79
m2-716,m2-79
m2-724,m2-32
m2-706,m2-15
m2-715,m2-79
m2-718,m2-79
m2-730,m2-100
m2-717,m2-79
m2-710,m2-12
m2-743,m2-96
m2-746,m2-52
m2-736,m2-22
m2-733,m2-22
m2-748,m2-52
m2-742,m2-96
m2-741,m2-89
m2-735,m2-22
m2-738,m2-22
m2-732,m2-22
m2-749,m2-52
m2-744,m2-96
m2-737,m2-22
m2-745,m2-52
m2-739,m2-89
m2-740,m2-89
m2-734,m2-22
m2-731,m2-22
m2-747,m2-52
m2-750,m2-12
m2-755,m2-23
m2-757,m2-23
m2-767,m2-07
m2-764,m2-07
m2-769,m2-70
m2-751,m2-12
m2-763,m2-100
m2-756,m2-23
m2-765,m2-07
m2-753,m2-89
m2-770,m2-70
m2-762,m2-100
m2-771,m2-70
m2-774,m2-70
m2-773,m2-70
m2-754,m2-89
m2-759,m2-23
m2-758,m2-23
m2-752,m2-12
m2-766,m2-07
m2-768,m2-07
m2-760,m2-23
m2-772,m2-70
m2-775,m2-70
m2-761,m2-100
m3-397,m3-68
m3-396,m3-68
m3-400,m3-23
m3-401,m3-69
m3-399,m3-23
m3-395,m3-29
m3-394,m3-29
m3-398,m3-23
m3-402,m3-69
m3-406,m3-39
m3-416,m3-03
m3-420,m3-16
m3-423,m3-16
m3-427,m3-11
m3-403,m3-56
m3-410,m3-67
m3-424,m3-24
m3-419,m3-04
m3-411,m3-67
m3-415,m3-03
m3-421,m3-16
m3-412,m3-67
m3-405,m3-39
m3-426,m3-24
m3-407,m3-39
m3-409,m3-16
m3-414,m3-03
m3-408,m3-16
m3-422,m3-16
m3-418,m3-03
m3-413,m3-03
m3-404,m3-15
m3-425,m3-24
m3-417,m3-03
m3-434,m3-08
m3-445,m3-29
m3-439,m3-81
m3-448,m3-29
m3-432,m3-08
m3-437,m3-81
m3-436,m3-81
m3-440,m3-81
m3-430,m3-81
m3-441,m3-81
m3-428,m3-81
m3-435,m3-08
m3-438,m3-81
m3-447,m3-29
m3-429,m3-81
m3-446,m3-29
m3-449,m3-29
m3-433,m3-08
m3-443,m3-90
m3-444,m3-90
m3-431,m3-08
m3-442,m3-81
m3-460,m3-54
m3-450,m3-67
m3-454,m3-16
m3-452,m3-67
m3-457,m3-11
m3-467,m3-18
m3-470,m3-16
m3-456,m3-11
m3-465,m3-15
m3-468,m3-18
m3-472,m3-16
m3-453,m3-16
m3-458,m3-04
m3-459,m3-04
m3-466,m3-68
m3-461,m3-54
m3-471,m3-16
m3-455,m3-16
m3-463,m3-15
m3-451,m3-67
m3-462,m3-15
m3-469,m3-16
m3-464,m3-15
m3-473,m3-89
m3-478,m3-89
m3-479,m3-23
m3-481,m3-23
m3-474,m3-89
m3-477,m3-89
m3-480,m3-23
m3-475,m3-89
m3-476,m3-89
m3-506,m3-31
m3-510,m3-31
m3-482,m3-23
m3-504,m3-31
m3-485,m3-06
m3-500,m3-94
m3-483,m3-23
m3-503,m3-94
m3-498,m3-03
m3-497,m3-03
m3-501,m3-94
m3-488,m3-06
m3-493,m3-89
m3-487,m3-06
m3-490,m3-89
m3-507,m3-31
m3-502,m3-94
m3-505,m3-31
m3-508,m3-31
m3-496,m3-03
m3-492,m3-89
m3-494,m3-03
m3-495,m3-03
m3-509,m3-31
m3-486,m3-06
m3-484,m3-06
m3-489,m3-06
m3-491,m3-89
m3-499,m3-03
m3-515,m3-50
m3-547,m3-06
m3-546,m3-06
m3-558,m3-11
m3-514,m3-94
m3-516,m3-50
m3-548,m3-06
m3-520,m3-70
m3-531,m3-12
m3-543,m3-03
m3-512,m3-94
m3-545,m3-03
m3-530,m3-12
m3-551,m3-04
m3-539,m3-03
m3-529,m3-12
m3-536,m3-03
m3-528,m3-12
m3-535,m3-03
m3-524,m3-70
m3-556,m3-66
m3-553,m3-66
m3-544,m3-03
m3-549,m3-04
m3-534,m3-03
m3-527,m3-70
m3-522,m3-70
m3-540,m3-03
m3-537,m3-03
m3-513,m3-94
m3-559,m3-11
m3-550,m3-04
m3-521,m3-70
m3-554,m3-66
m3-532,m3-12
m3-557,m3-11
m3-555,m3-66
m3-541,m3-03
m3-542,m3-03
m3-552,m3-04
m3-518,m3-70
m3-525,m3-70
m3-533,m3-03
m3-519,m3-70
m3-523,m3-70
m3-511,m3-94
m3-517,m3-70
m3-526,m3-70
m3-538,m3-03
m3-568,m3-35
m3-564,m3-08
m3-562,m3-62
m3-563,m3-08
m3-571,m3-67
m3-567,m3-35
m3-575,m3-67
m3-581,m3-12
m3-570,m3-35
m3-572,m3-67
m3-561,m3-62
m3-577,m3-08
m3-574,m3-67
m3-573,m3-67
m3-566,m3-35
m3-569,m3-35
m3-579,m3-12
m3-580,m3-12
m3-578,m3-56
m3-576,m3-08
m3-565,m3-08
m3-560,m3-62
m3-588,m3-39
m3-633,m3-15
m3-599,m3-68
m3-583,m3-12
m3-624,m3-69
m3-605,m3-70
m3-631,m3-15
m3-620,m3-62
m3-612,m3-11
m3-625,m3-68
m3-595,m3-94
m3-621,m3-62
m3-613,m3-11
m3-627,m3-68
m3-600,m3-68
m3-587,m3-39
m3-629,m3-15
m3-617,m3-62
m3-608,m3-29
m3-584,m3-39
m3-586,m3-39
m3-614,m3-11
m3-596,m3-68
m3-626,m3-68
m3-607,m3-29
m3-616,m3-62
m3-598,m3-68
m3-591,m3-94
m3-630,m3-15
m3-597,m3-68
m3-636,m3-56
m3-589,m3-94
m3-619,m3-62
m3-594,m3-94
m3-610,m3-11
m3-592,m3-94
m3-604,m3-70
m3-609,m3-29
m3-603,m3-70
m3-582,m3-12
m3-634,m3-56
m3-618,m3-62
m3-606,m3-29
m3-585,m3-39
m3-601,m3-70
m3-622,m3-622
m3-628,m3-68
m3-635,m3-56
m3-615,m3-62
m3-590,m3-94
m3-611,m3-11
m3-593,m3-94
m3-602,m3-70
m3-632,m3-15
m3-623,m3-69
m3-647,m3-67
m3-646,m3-67
m3-656,m3-23
m3-655,m3-23
m3-658,m3-12
m3-652,m3-67
m3-644,m3-67
m3-653,m3-67
m3-637,m3-23
m3-659,m3-12
m3-648,m3-67
m3-643,m3-67
m3-649,m3-67
m3-641,m3-67
m3-660,m3-12
m3-639,m3-23
m3-645,m3-67
m3-650,m3-67
m3-651,m3-67
m3-642,m3-67
m3-654,m3-23
m3-638,m3-23
m3-657,m3-23
m3-640,m3-23
m3-677,m3-15
m3-685,m3-03
m3-702,m3-16
m3-676,m3-15
m3-666,m3-39
m3-682,m3-81
m3-662,m3-04
m3-704,m3-16
m3-683,m3-81
m3-671,m3-39
m3-669,m3-39
m3-679,m3-15
m3-661,m3-04
m3-665,m3-04
m3-692,m3-69
m3-709,m3-04
m3-712,m3-81
m3-673,m3-16
m3-698,m3-81
m3-681,m3-81
m3-708,m3-04
m3-684,m3-81
m3-711,m3-04
m3-691,m3-03
m3-663,m3-04
m3-678,m3-15
m3-664,m3-04
m3-668,m3-39
m3-670,m3-39
m3-667,m3-39
m3-672,m3-16
m3-680,m3-15
m3-686,m3-03
m3-706,m3-04
m3-697,m3-69
m3-700,m3-81
m3-688,m3-03
m3-687,m3-03
m3-701,m3-81
m3-705,m3-16
m3-690,m3-03
m3-694,m3-69
m3-675,m3-16
m3-703,m3-16
m3-695,m3-69
m3-707,m3-04
m3-693,m3-69
m3-699,m3-81
m3-689,m3-03
m3-674,m3-16
m3-696,m3-69
m3-710,m3-04
m3-731,m3-11
m3-719,m3-66
m3-730,m3-16
m3-733,m3-11
m3-721,m3-66
m3-715,m3-55
m3-724,m3-24
m3-729,m3-16
m3-728,m3-16
m3-725,m3-24
m3-722,m3-66
m3-713,m3-55
m3-718,m3-66
m3-726,m3-24
m3-720,m3-66
m3-716,m3-55
m3-714,m3-55
m3-727,m3-16
m3-732,m3-11
m3-717,m3-66
m1-857,m1-24
m1-858,m1-33
m1-855,m1-24
m1-849,m1-84
m1-848,m1-84
m1-853,m1-94
m1-845,m1-84
m1-851,m1-84
m1-856,m1-24
m1-852,m1-94
m1-846,m1-84
m1-854,m1-94
m1-844,m1-13
m1-850,m1-84
m1-859,m1-33
m1-847,m1-84
m1-843,m1-13
m1-882,m1-71
m1-887,m1-30
m1-876,m1-18
m1-860,m1-23
m1-864,m1-05
m1-862,m1-23
m1-878,m1-13
m1-874,m1-39
m1-869,m1-94
m1-875,m1-18
m1-868,m1-34
m1-883,m1-71
m1-888,m1-30
m1-877,m1-13
m1-863,m1-05
m1-873,m1-39
m1-872,m1-39
m1-881,m1-71
m1-865,m1-05
m1-866,m1-34
m1-870,m1-94
m1-886,m1-30
m1-880,m1-71
m1-889,m1-32
m1-867,m1-34
m1-885,m1-84
m1-871,m1-39
m1-879,m1-13
m1-884,m1-84
m1-907,m1-84
m1-901,m1-84
m1-890,m1-24
m1-891,m1-24
m1-908,m1-05
m1-914,m1-28
m1-910,m1-05
m1-892,m1-24
m1-906,m1-84
m1-897,m1-05
m1-894,m1-71
m1-915,m1-30
m1-909,m1-05
m1-899,m1-05
m1-895,m1-71
m1-904,m1-84
m1-911,m1-56
m1-902,m1-84
m1-893,m1-24
m1-898,m1-05
m1-900,m1-05
m1-913,m1-56
m1-905,m1-84
m1-903,m1-84
m1-912,m1-56
m1-896,m1-05
m1-925,m1-24
m1-926,m1-24
m1-921,m1-21
m1-918,m1-24
m1-922,m1-21
m1-923,m1-21
m1-917,m1-24
m1-920,m1-21
m1-919,m1-21
m1-924,m1-24
m1-927,m1-24
m1-916,m1-24
m1-928,m1-24
m1-929,m1-24
m1-942,m1-24
m1-935,m1-71
m1-930,m1-71
m1-943,m1-24
m1-936,m1-94
m1-948,m1-36
m1-931,m1-71
m1-944,m1-24
m1-932,m1-71
m1-945,m1-24
m1-939,m1-24
m1-947,m1-13
m1-933,m1-71
m1-946,m1-13
m1-940,m1-24
m1-938,m1-94
m1-941,m1-24
m1-937,m1-94
m1-934,m1-71
m1-963,m1-75
m1-954,m1-76
m1-960,m1-75
m1-953,m1-05
m1-958,m1-75
m1-961,m1-75
m1-957,m1-76
m1-955,m1-76
m1-951,m1-36
m1-962,m1-75
m1-949,m1-36
m1-950,m1-36
m1-956,m1-76
m1-952,m1-36
m1-959,m1-75
m1-968,m1-33
m1-970,m1-33
m1-964,m1-32
m1-969,m1-33
m1-966,m1-32
m1-971,m1-33
m1-973,m1-54
m1-991,m1-21
m1-979,m1-30
m1-984,m1-32
m1-989,m1-21
m1-985,m1-32
m1-986,m1-32
m1-967,m1-33
m1-974,m1-54
m1-980,m1-30
m1-978,m1-30
m1-982,m1-13
m1-977,m1-30
m1-988,m1-21
m1-987,m1-32
m1-975,m1-30
m1-990,m1-21
m1-976,m1-30
m1-981,m1-30
m1-983,m1-13
m1-965,m1-32
m1-972,m1-56
m1-998,m1-05
m1-994,m1-32
m1-997,m1-05
m1-996,m1-05
m1-1012,m1-28
m1-995,m1-05
m1-1007,m1-60
m1-1001,m1-05
m1-1010,m1-28
m1-1008,m1-60
m1-1011,m1-28
m1-1006,m1-60
m1-993,m1-32
m1-999,m1-05
m1-992,m1-32
m1-1004,m1-36
m1-1015,m1-39
m1-1000,m1-05
m1-1003,m1-36
m1-1002,m1-36
m1-1014,m1-39
m1-1009,m1-28
m1-1013,m1-28
m1-1005,m1-36
m1-1016,m1-12
m1-1018,m1-12
m1-1017,m1-12
m1-1020,m1-12
m1-1019,m1-12
m1-1026,m1-05
m1-1040,m1-36
m1-1042,m1-36
m1-1021,m1-12
m1-1031,m1-13
m1-1037,m1-13
m1-1039,m1-13
m1-1038,m1-13
m1-1029,m1-54
m1-1036,m1-13
m1-1023,m1-05
m1-1024,m1-05
m1-1027,m1-05
m1-1041,m1-36
m1-1032,m1-13
m1-1034,m1-12
m1-1044,m1-36
m1-1035,m1-12
m1-1022,m1-05
m1-1030,m1-13
m1-1025,m1-33
m1-1043,m1-36
m1-1033,m1-12
m1-1028,m1-05
m1-1059,m1-33
m1-1064,m1-34
m1-1062,m1-34
m1-1063,m1-34
m1-1061,m1-33
m1-1066,m1-84
m1-1047,m1-33
m1-1048,m1-33
m1-1057,m1-05
m1-1050,m1-33
m1-1053,m1-28
m1-1055,m1-28
m1-1065,m1-34
m1-1046,m1-33
m1-1060,m1-33
m1-1049,m1-33
m1-1068,m1-84
m1-1067,m1-84
m1-1051,m1-33
m1-1058,m1-05
m1-1054,m1-28
m1-1052,m1-28
m1-1045,m1-33
m1-1056,m1-28
m1-1072,m1-84
m1-1081,m1-30
m1-1083,m1-30
m1-1075,m1-24
m1-1069,m1-71
m1-1073,m1-23
m1-1076,m1-24
m1-1077,m1-28
m1-1082,m1-30
m1-1078,m1-28
m1-1079,m1-34
m1-1074,m1-23
m1-1071,m1-84
m1-1070,m1-71
m1-1080,m1-34
m1-1092,m1-32
m1-1091,m1-32
m1-1089,m1-71
m1-1093,m1-32
m1-1086,m1-05
m1-1087,m1-05
m1-1090,m1-71
m1-1085,m1-05
m1-1094,m1-32
m1-1095,m1-24
m1-1088,m1-05
m1-1084,m1-05
m1-1096,m1-24
m1-1110,m1-24
m1-1103,m1-28
m1-1104,m1-28
m1-1114,m1-84
m1-1113,m1-84
m1-1108,m1-24
m1-1112,m1-13
m1-1098,m1-05
m1-1109,m1-24
m1-1111,m1-13
m1-1100,m1-05
m1-1099,m1-05
m1-1097,m1-84
m1-1105,m1-32
m1-1102,m1-28
m1-1101,m1-28
m1-1107,m1-24
m1-1106,m1-24
m2-780,m2-79
m2-783,m2-07
m2-782,m2-02
m2-786,m2-07
m2-781,m2-02
m2-788,m2-07
m2-779,m2-79
m2-784,m2-07
m2-787,m2-07
m2-789,m2-07
m2-777,m2-56
m2-785,m2-07
m2-778,m2-32
m2-776,m2-78
m2-809,m2-15
m2-797,m2-07
m2-800,m2-96
m2-796,m2-23
m2-803,m2-96
m2-814,m2-78
m2-812,m2-15
m2-807,m2-15
m2-801,m2-96
m2-806,m2-15
m2-811,m2-15
m2-792,m2-22
m2-819,m2-23
m2-794,m2-23
m2-805,m2-96
m2-810,m2-15
m2-799,m2-07
m2-816,m2-78
m2-804,m2-96
m2-813,m2-78
m2-793,m2-22
m2-798,m2-07
m2-790,m2-22
m2-808,m2-15
m2-795,m2-23
m2-791,m2-22
m2-815,m2-78
m2-817,m2-23
m2-818,m2-23
m2-823,m2-79
m2-835,m2-23
m2-836,m2-23
m2-833,m2-32
m2-827,m2-79
m2-828,m2-35
m2-825,m2-79
m2-838,m2-23
m2-826,m2-79
m2-839,m2-79
m2-837,m2-23
m2-831,m2-32
m2-824,m2-79
m2-822,m2-22
m2-829,m2-35
m2-832,m2-32
m2-821,m2-22
m2-834,m2-23
m2-842,m2-79
m2-841,m2-89
m2-844,m2-31
m2-830,m2-32
m2-840,m2-79
m2-820,m2-22
m2-843,m2-31
m2-850,m2-76
m2-848,m2-35
m2-852,m2-76
m2-853,m2-76
m2-854,m2-96
m2-855,m2-96
m2-858,m2-96
m2-856,m2-96
m2-851,m2-76
m2-847,m2-35
m2-859,m2-96
m2-845,m2-35
m2-857,m2-96
m2-846,m2-35
m2-849,m2-35
m2-873,m2-73
m2-863,m2-32
m2-865,m2-31
m2-875,m2-96
m2-882,m2-02
m2-876,m2-96
m2-860,m2-54
m2-878,m2-96
m2-877,m2-96
m2-868,m2-33
m2-881,m2-02
m2-861,m2-54
m2-872,m2-73
m2-879,m2-02
m2-871,m2-73
m2-880,m2-02
m2-870,m2-73
m2-869,m2-73
m2-864,m2-32
m2-874,m2-96
m2-862,m2-54
m2-883,m2-02
m2-867,m2-33
m2-866,m2-31
m2-887,m2-90
m2-910,m2-54
m2-893,m2-100
m2-889,m2-100
m2-906,m2-22
m2-888,m2-90
m2-894,m2-100
m2-897,m2-23
m2-914,m2-96
m2-884,m2-90
m2-902,m2-22
m2-903,m2-10
m2-898,m2-23
m2-885,m2-90
m2-911,m2-96
m2-890,m2-100
m2-886,m2-90
m2-899,m2-22
m2-907,m2-22
m2-909,m2-54
m2-905,m2-10
m2-891,m2-100
m2-913,m2-96
m2-895,m2-100
m2-915,m2-10
m2-900,m2-22
m2-908,m2-54
m2-896,m2-23
m2-892,m2-100
m2-904,m2-10
m2-912,m2-96
m2-901,m2-22
m2-950,m2-90
m2-1057,m2-79
m2-1073,m2-32
m2-1027,m2-22
m2-1043,m2-07
m2-919,m2-35
m2-927,m2-100
m2-955,m2-23
m2-1054,m2-79
m2-1033,m2-42
m2-1018,m2-02
m2-943,m2-42
m2-1010,m2-78
m2-982,m2-22
m2-970,m2-12
m2-991,m2-32
m2-1059,m2-79
m2-1037,m2-07
m2-963,m2-79
m2-1000,m2-02
m2-1064,m2-54
m2-1035,m2-96
m2-1017,m2-02
m2-997,m2-02
m2-929,m2-32
m2-1065,m2-54
m2-959,m2-78
m2-935,m2-33
m2-960,m2-78
m2-934,m2-33
m2-990,m2-23
m2-1020,m2-02
m2-1038,m2-07
m2-1029,m2-22
m2-952,m2-23
m2-981,m2-32
m2-944,m2-42
m2-1068,m2-54
m2-932,m2-33
m2-954,m2-23
m2-1003,m2-56
m2-999,m2-02
m2-987,m2-23
m2-1050,m2-89
m2-985,m2-23
m2-933,m2-33
m2-1052,m2-79
m2-949,m2-90
m2-977,m2-32
m2-928,m2-32
m2-988,m2-23
m2-1008,m2-23
m2-1051,m2-79
m2-984,m2-23
m2-1004,m2-56
m2-939,m2-33
m2-1044,m2-35
m2-1034,m2-96
m2-916,m2-35
m2-1070,m2-32
m2-936,m2-33
m2-996,m2-02
m2-1072,m2-32
m2-925,m2-100
m2-971,m2-12
m2-1075,m2-32
m2-1011,m2-10
m2-1025,m2-22
m2-920,m2-32
m2-945,m2-42
m2-1053,m2-79
m2-940,m2-33
m2-1062,m2-35
m2-975,m2-54
m2-946,m2-90
m2-968,m2-12
m2-1006,m2-56
m2-1047,m2-90
m2-1063,m2-35
m2-958,m2-78
m2-1031,m2-42
m2-957,m2-23
m2-1012,m2-10
m2-978,m2-32
m2-961,m2-78
m2-924,m2-100
m2-976,m2-54
m2-966,m2-79
m2-1061,m2-79
m2-1055,m2-79
m2-956,m2-23
m2-973,m2-12
m2-937,m2-33
m2-1058,m2-79
m2-1032,m2-42
m2-993,m2-32
m2-967,m2-12
m2-965,m2-79
m2-1014,m2-10
m2-941,m2-96
m2-1039,m2-07
m2-1013,m2-10
m2-979,m2-32
m2-1030,m2-22
m2-964,m2-79
m2-1023,m2-22
m2-922,m2-100
m2-948,m2-90
m2-938,m2-33
m2-1056,m2-79
m2-1066,m2-54
m2-1041,m2-15
m2-931,m2-32
m2-1040,m2-15
m2-1045,m2-90
m2-1028,m2-22
m2-1009,m2-78
m2-1074,m2-32
m2-953,m2-23
m2-986,m2-23
m2-1005,m2-56
m2-1024,m2-22
m2-972,m2-12
m2-983,m2-22
m2-1049,m2-89
m2-1071,m2-32
m2-1060,m2-79
m2-989,m2-23
m2-974,m2-54
m2-1069,m2-54
m2-1046,m2-90
m2-1002,m2-22
m2-962,m2-78
m2-1015,m2-10
m2-926,m2-100
m2-1021,m2-02
m2-995,m2-32
m2-1019,m2-02
m2-921,m2-32
m2-1042,m2-07
m2-1016,m2-10
m2-923,m2-100
m2-1007,m2-23
m2-998,m2-02
m2-942,m2-96
m2-930,m2-32
m2-1067,m2-54
m2-951,m2-23
m2-917,m2-35
m2-969,m2-12
m2-1026,m2-22
m2-1036,m2-96
m2-994,m2-32
m2-947,m2-90
m2-918,m2-35
m2-992,m2-32
m2-1048,m2-89
m2-980,m2-32
m2-1078,m2-31
m2-1079,m2-31
m2-1076,m2-31
m2-1077,m2-31
m3-781,m3-23
m3-790,m3-24
m3-769,m3-03
m3-825,m3-15
m3-775,m3-03
m3-807,m3-11
m3-776,m3-23
m3-796,m3-70
m3-774,m3-03
m3-810,m3-11
m3-826,m3-15
m3-809,m3-11
m3-778,m3-23
m3-770,m3-03
m3-751,m3-03
m3-791,m3-24
m3-743,m3-11
m3-759,m3-69
m3-767,m3-12
m3-738,m3-04
m3-835,m3-23
m3-773,m3-03
m3-736,m3-03
m3-789,m3-24
m3-800,m3-11
m3-756,m3-70
m3-822,m3-23
m3-744,m3-11
m3-779,m3-23
m3-828,m3-15
m3-787,m3-16
m3-797,m3-70
m3-798,m3-70
m3-740,m3-04
m3-793,m3-24
m3-785,m3-16
m3-735,m3-03
m3-804,m3-11
m3-747,m3-16
m3-737,m3-03
m3-760,m3-69
m3-811,m3-70
m3-831,m3-04
m3-758,m3-69
m3-840,m3-08
m3-833,m3-35
m3-788,m3-16
m3-803,m3-11
m3-748,m3-23
m3-765,m3-94
m3-832,m3-35
m3-745,m3-11
m3-754,m3-70
m3-757,m3-70
m3-783,m3-16
m3-792,m3-24
m3-780,m3-23
m3-782,m3-16
m3-752,m3-03
m3-795,m3-70
m3-741,m3-54
m3-734,m3-03
m3-812,m3-70
m3-808,m3-11
m3-739,m3-04
m3-805,m3-11
m3-766,m3-12
m3-838,m3-08
m3-777,m3-23
m3-750,m3-23
m3-749,m3-23
m3-786,m3-16
m3-753,m3-70
m3-819,m3-04
m3-824,m3-15
m3-762,m3-94
m3-768,m3-12
m3-839,m3-08
m3-823,m3-23
m3-817,m3-04
m3-794,m3-70
m3-801,m3-11
m3-755,m3-70
m3-763,m3-94
m3-834,m3-35
m3-813,m3-70
m3-820,m3-04
m3-802,m3-11
m3-836,m3-23
m3-771,m3-03
m3-806,m3-50
m3-830,m3-04
m3-827,m3-15
m3-761,m3-69
m3-799,m3-15
m3-815,m3-15
m3-829,m3-04
m3-784,m3-16
m3-816,m3-15
m3-764,m3-94
m3-821,m3-23
m3-746,m3-16
m3-772,m3-03
m3-818,m3-04
m3-814,m3-70
m3-742,m3-81
m3-874,m3-67
m3-893,m3-12
m3-927,m3-29
m3-918,m3-68
m3-889,m3-12
m3-900,m3-23
m3-922,m3-16
m3-879,m3-03
m3-928,m3-29
m3-901,m3-23
m3-932,m3-622
m3-911,m3-89
m3-903,m3-70
m3-885,m3-56
m3-877,m3-03
m3-907,m3-70
m3-916,m3-31
m3-876,m3-03
m3-880,m3-70
m3-908,m3-70
m3-935,m3-622
m3-933,m3-622
m3-952,m3-29
m3-875,m3-67
m3-951,m3-29
m3-873,m3-67
m3-909,m3-70
m3-890,m3-12
m3-920,m3-68
m3-913,m3-89
m3-930,m3-29
m3-919,m3-68
m3-926,m3-11
m3-887,m3-56
m3-934,m3-622
m3-892,m3-12
m3-947,m3-15
m3-937,m3-03
m3-949,m3-16
m3-939,m3-03
m3-955,m3-29
m3-910,m3-89
m3-948,m3-16
m3-940,m3-03
m3-906,m3-70
m3-912,m3-89
m3-902,m3-23
m3-895,m3-94
m3-943,m3-15
m3-941,m3-15
m3-882,m3-15
m3-929,m3-29
m3-954,m3-29
m3-950,m3-16
m3-924,m3-11
m3-953,m3-29
m3-878,m3-03
m3-945,m3-15
m3-938,m3-03
m3-899,m3-94
m3-884,m3-15
m3-886,m3-56
m3-896,m3-94
m3-894,m3-12
m3-883,m3-15
m3-925,m3-11
m3-923,m3-16
m3-956,m3-29
m3-897,m3-94
m3-898,m3-94
m3-942,m3-15
m3-891,m3-12
m3-921,m3-16
m3-936,m3-03
m3-917,m3-31
m3-944,m3-15
m3-915,m3-89
m3-881,m3-15
m3-931,m3-622
m3-905,m3-70
m3-904,m3-70
m3-946,m3-15
m3-888,m3-56
m3-914,m3-89
m3-843,m3-12
m3-862,m3-16
m3-846,m3-12
m3-858,m3-94
m3-870,m3-81
m3-848,m3-68
m3-847,m3-68
m3-869,m3-81
m3-854,m3-50
m3-855,m3-50
m3-845,m3-12
m3-865,m3-16
m3-859,m3-94
m3-860,m3-94
m3-850,m3-68
m3-868,m3-81
m3-853,m3-50
m3-864,m3-16
m3-852,m3-50
m3-849,m3-68
m3-867,m3-81
m3-856,m3-94
m3-851,m3-11
m3-872,m3-81
m3-871,m3-81
m3-863,m3-16
m3-842,m3-12
m3-844,m3-12
m3-857,m3-94
m3-861,m3-94
m3-866,m3-16
m3-841,m3-12
m3-976,m3-11
m3-1000,m3-16
m3-963,m3-03
m3-961,m3-03
m3-971,m3-68
m3-964,m3-12
m3-960,m3-03
m3-965,m3-12
m3-967,m3-68
m3-999,m3-16
m3-957,m3-11
m3-958,m3-03
m3-975,m3-11
m3-1002,m3-16
m3-968,m3-68
m3-974,m3-11
m3-1003,m3-16
m3-966,m3-12
m3-959,m3-03
m3-972,m3-11
m3-1006,m3-04
m3-997,m3-11
m3-993,m3-03
m3-1005,m3-16
m3-1004,m3-16
m3-990,m3-03
m3-1001,m3-16
m3-970,m3-68
m3-1009,m3-04
m3-989,m3-03
m3-962,m3-03
m3-982,m3-94
m3-992,m3-03
m3-985,m3-94
m3-1010,m3-04
m3-1014,m3-68
m3-983,m3-94
m3-994,m3-11
m3-991,m3-03
m3-1012,m3-04
m3-981,m3-81
m3-1011,m3-04
m3-988,m3-03
m3-995,m3-11
m3-978,m3-81
m3-977,m3-81
m3-1016,m3-68
m3-969,m3-68
m3-998,m3-11
m3-986,m3-94
m3-1008,m3-04
m3-973,m3-11
m3-984,m3-94
m3-996,m3-11
m3-980,m3-81
m3-1015,m3-68
m3-1007,m3-04
m3-987,m3-03
m3-1013,m3-68
m3-979,m3-81
m3-1019,m3-15
m3-1024,m3-54
m3-1020,m3-54
m3-1025,m3-54
m3-1021,m3-54
m3-1026,m3-54
m3-1027,m3-81
m3-1031,m3-70
m3-1017,m3-15
m3-1022,m3-54
m3-1040,m3-23
m3-1045,m3-08
m3-1037,m3-11
m3-1018,m3-15
m3-1032,m3-35
m3-1044,m3-08
m3-1043,m3-08
m3-1041,m3-23
m3-1036,m3-70
m3-1042,m3-08
m3-1029,m3-81
m3-1039,m3-23
m3-1047,m3-08
m3-1035,m3-35
m3-1034,m3-35
m3-1030,m3-70
m3-1028,m3-81
m3-1033,m3-35
m3-1046,m3-08
m3-1038,m3-11
m3-1023,m3-54
